date,code,score,day_change_pct,ret_next_open_pct,gate_ok,r1_ok,heat_ok
2026-05-26,198940,90.0,29.99,29.82723577235773,False,True,False
2026-05-26,052710,90.0,29.82,17.567567567567565,False,True,False
2026-05-26,457370,90.0,29.99,9.829406986190081,False,True,False
2026-05-26,043360,90.0,29.85,6.76883780332056,False,True,False
2026-05-26,115500,90.0,29.97,-4.708737864077673,False,True,False
2026-05-26,027580,90.0,29.98,2.8169014084507005,False,True,False
2026-05-26,208710,89.2,29.85,8.885754583921024,False,True,False
2026-05-26,062970,89.1,29.91,0.0,False,True,False
2026-05-26,331380,87.5,15.38,0.0,False,True,False
2026-05-26,242040,87.1,24.8,2.861685214626397,False,True,False
2026-05-26,321260,86.9,15.61,-2.0618556701030966,False,True,False
2026-05-26,005990,86.9,7.85,0.0,False,True,False
2026-05-26,388790,86.3,16.88,0.0,False,True,False
2026-05-26,131760,86.2,16.49,3.2258064516129004,False,True,False
2026-05-26,064290,86.1,18.55,0.0,False,True,False
2026-05-26,053700,86.1,22.2,0.6006006006006093,False,True,False
2026-05-26,042510,85.4,14.96,-1.5885022692889605,False,True,False
2026-05-26,330860,84.9,21.35,0.5769230769230749,False,True,False
2026-05-26,066310,84.8,11.93,-0.638162093171668,False,True,False
2026-05-26,065770,84.2,19.83,-2.4137931034482807,False,True,False
2026-05-27,347850,90.0,30.0,6.275303643724706,False,False,False
2026-05-27,229000,90.0,29.92,12.63001485884101,False,False,False
2026-05-27,208710,90.0,29.9,17.915309446254078,False,False,False
2026-05-27,058970,87.9,15.04,-7.2438162544169575,False,False,False
2026-05-27,131090,87.1,5.44,0.12285012285011554,False,False,False
2026-05-27,382900,86.0,8.95,-2.8818443804034533,False,False,False
2026-05-27,397030,85.6,13.28,-0.45662100456621557,False,False,False
2026-05-27,238090,85.0,17.64,0.0,False,False,False
2026-05-27,232680,84.9,22.28,-4.444444444444439,False,False,False
2026-05-27,417010,84.4,19.62,5.97133757961783,False,False,False
2026-05-27,261780,83.8,22.79,0.0,False,False,False
2026-05-27,241770,83.1,7.73,-1.856435643564358,False,False,False
2026-05-27,060310,81.5,16.01,-3.9677975848188662,False,False,False
2026-05-27,114450,80.5,8.13,-1.5337423312883458,False,False,False
2026-05-27,087010,79.8,6.28,0.3478260869565153,False,False,False
2026-05-27,290650,79.2,8.97,1.0126582278481067,False,False,False
2026-05-27,200470,79.2,8.82,0.38610038610038533,False,False,False
2026-05-27,044480,78.0,7.43,5.252659574468077,False,False,False
2026-05-27,036630,78.0,7.81,0.0,False,False,False
2026-05-27,018000,77.1,6.5,1.0328638497652642,False,False,False
2026-05-28,035890,90.0,29.85,2.4299065420560817,False,False,False
2026-05-28,131400,90.0,29.97,19.17098445595855,False,False,False
2026-05-28,024800,90.0,29.86,-5.518394648829428,False,False,False
2026-05-28,297570,88.1,29.94,0.0,False,False,False
2026-05-28,416180,86.4,12.01,0.0,False,False,False
2026-05-28,073570,85.7,29.98,-4.761904761904767,False,False,False
2026-05-28,123330,84.7,17.69,0.2178649237472685,False,False,False
2026-05-28,242040,83.5,13.14,0.5340453938584844,False,False,False
2026-05-28,417010,83.2,16.64,-0.5460750853242269,False,False,False
2026-05-28,365270,83.0,8.93,0.8968609865470878,False,False,False
2026-05-28,065680,82.6,19.45,2.2058823529411686,False,False,False
2026-05-28,107640,82.1,11.33,1.7857142857142794,False,False,False
2026-05-28,159010,82.0,11.19,0.6781429316640608,False,False,False
2026-05-28,110020,81.1,14.77,0.0,False,False,False
2026-05-28,198080,80.9,9.75,1.2251148545176171,False,False,False
2026-05-28,126640,80.9,9.02,-2.8037383177570097,False,False,False
2026-05-28,457370,79.6,5.77,5.037783375314864,False,False,False
2026-05-28,393890,79.5,14.15,0.0,False,False,False
2026-05-28,397030,79.3,6.54,-1.4285714285714235,False,False,False
2026-05-28,206400,79.1,7.89,2.331189710610926,False,False,False
2026-05-29,417860,90.0,29.93,16.279069767441868,False,False,False
2026-05-29,246690,90.0,29.96,8.0550098231827,False,False,False
2026-05-29,069140,90.0,29.9,9.976798143851507,False,False,False
2026-05-29,340360,85.3,12.26,0.06313131313131493,False,False,False
2026-05-29,226340,84.8,20.47,-1.5625,False,False,False
2026-05-29,950190,84.5,12.08,0.6195786864931829,False,False,False
2026-05-29,090360,83.5,20.98,30.000000000000004,False,False,False
2026-05-29,090850,82.7,8.24,-0.707964601769917,False,False,False
2026-05-29,486990,81.5,11.27,3.6363636363636376,False,False,False
2026-05-29,286750,81.0,13.38,0.8141112618724522,False,False,False
2026-05-29,189330,80.9,18.04,2.7027027027026973,False,False,False
2026-05-29,061090,80.0,15.93,-6.198347107438018,False,False,False
2026-05-29,216080,79.3,9.85,-0.17574692442882123,False,False,False
2026-05-29,040350,78.8,14.15,5.932203389830515,False,False,False
2026-05-29,242040,77.3,17.22,2.505694760820054,False,False,False
2026-05-29,389140,77.1,20.43,-4.062126642771801,False,False,False
2026-05-29,263800,76.9,10.89,1.5873015873015817,False,False,False
2026-05-29,413640,76.7,5.12,-0.3745318352059934,False,False,False
2026-05-29,108490,75.5,11.28,8.448540706605211,False,False,False
2026-05-29,126640,74.1,5.61,0.0,False,False,False
2026-06-01,355390,90.0,29.86,6.35400907715582,False,False,False
2026-06-01,417860,90.0,29.9,9.974424552429673,False,False,False
2026-06-01,040350,90.0,29.87,9.787928221859698,False,False,False
2026-06-01,455900,86.6,22.01,-1.5822784810126556,False,False,False
2026-06-01,031510,83.9,11.95,0.0,False,False,False
2026-06-01,475660,83.7,13.8,0.5181347150259086,False,False,False
2026-06-01,331740,83.7,8.5,-1.5228426395939132,False,False,False
2026-06-01,489460,83.5,12.24,0.0,False,False,False
2026-06-01,065060,83.5,17.55,0.0,False,False,False
2026-06-01,051780,83.2,7.28,-1.0324483775811188,False,False,False
2026-06-01,045340,81.7,6.85,0.13089005235602524,False,False,False
2026-06-01,432430,81.4,11.39,-1.757188498402551,False,False,False
2026-06-01,192440,81.2,6.22,0.0,False,False,False
2026-06-01,388720,80.9,13.68,9.439834024896276,False,False,False
2026-06-01,039010,80.8,6.85,2.009569377990439,False,False,False
2026-06-01,079000,79.9,7.47,0.4739336492890933,False,False,False
2026-06-01,041920,78.4,0.69,-8.180778032036617,False,False,False
2026-06-01,059100,78.1,6.85,-0.1602564102564097,False,False,False
2026-06-01,396300,78.0,17.18,7.084019769357486,False,False,False
2026-06-01,061040,77.1,9.66,0.28409090909091717,False,False,False
2026-06-02,307930,90.0,30.0,-3.8461538461538436,False,False,False
2026-06-02,082800,89.2,29.82,9.540636042402827,False,False,False
2026-06-02,476080,89.0,29.92,29.983249581239523,False,False,False
2026-06-02,090360,86.5,29.95,-13.224181360201515,False,False,False
2026-06-02,286750,86.0,12.67,0.0,False,False,False
2026-06-02,047080,85.6,15.66,0.0,False,False,False
2026-06-02,014470,82.9,11.09,6.113843991567114,False,False,False
2026-06-02,388720,82.7,12.86,-5.330882352941179,False,False,False
2026-06-02,162300,82.3,8.7,3.626943005181338,False,False,False
2026-06-02,306040,81.6,16.35,-22.432432432432435,False,False,False
2026-06-02,271830,80.0,29.99,9.08590308370043,False,False,False
2026-06-02,357880,79.1,8.22,0.3454231433505983,False,False,False
2026-06-02,073560,77.4,6.61,-0.24554941682013443,False,False,False
2026-06-02,225430,76.7,29.8,2.0872865275142205,False,False,False
2026-06-02,043260,75.8,20.41,-0.10526315789474161,False,False,False
2026-06-02,445090,75.2,5.2,-0.797448165869219,False,False,False
2026-06-02,021080,75.0,7.91,-0.9160305343511421,False,False,False
2026-06-02,059090,72.5,15.71,0.0,False,False,False
2026-06-02,061090,71.7,3.99,-1.5748031496062964,False,False,False
2026-06-02,263800,70.8,5.87,-1.3384321223709361,False,False,False
2026-06-04,377480,90.0,29.99,-3.0681818181818143,False,False,False
2026-06-04,271830,90.0,29.96,5.932203389830515,False,False,False
2026-06-04,273060,89.4,13.08,-0.25510204081632404,False,False,False
2026-06-04,036170,85.1,26.82,0.0,False,False,False
2026-06-04,170920,79.6,14.35,-2.9535864978902926,False,False,False
2026-06-04,388790,78.6,29.89,1.8329938900203624,False,False,False
2026-06-04,079950,78.4,13.28,0.09606147934677622,False,False,False
2026-06-04,192390,78.4,14.5,3.817235396182772,False,False,False
2026-06-04,031330,77.2,15.92,-6.150583244962881,False,False,False
2026-06-04,476080,76.3,29.98,7.989690721649478,False,False,False
2026-06-04,089970,75.7,28.23,-3.597122302158273,False,False,False
2026-06-04,138080,75.3,14.2,-2.9187817258883197,False,False,False
2026-06-04,036930,75.0,27.22,-8.782435129740518,False,False,False
2026-06-04,088910,74.6,8.75,-0.43478260869564966,False,False,False
2026-06-04,032500,73.6,9.14,-4.973821989528792,False,False,False
2026-06-04,140860,73.5,7.45,-1.0152284263959421,False,False,False
2026-06-04,085910,73.5,18.01,-0.8888888888888835,False,False,False
2026-06-04,084370,73.1,29.97,-6.936416184971095,False,False,False
2026-06-04,230240,72.8,9.85,-2.352941176470591,False,False,False
2026-06-04,236200,72.1,7.94,2.3051591657519133,False,False,False
2026-06-05,459550,90.0,29.97,-2.183173588924392,False,False,False
2026-06-05,006920,89.4,28.86,-15.808383233532929,False,False,False
2026-06-05,388870,88.2,24.13,-6.521739130434778,False,False,False
2026-06-05,210120,87.4,18.67,-2.8281363306744023,False,False,False
2026-06-05,109740,84.7,16.67,-0.8210180623973717,False,False,False
2026-06-05,348030,84.7,15.08,-2.5048169556840083,False,False,False
2026-06-05,388790,84.4,20.37,-4.3993231810490645,False,False,False
2026-06-05,148930,83.8,18.9,-1.7857142857142905,False,False,False
2026-06-05,457370,82.2,29.94,-4.976141785957733,False,False,False
2026-06-05,090360,80.7,6.39,-4.794058068872387,False,False,False
2026-06-05,078020,80.3,6.53,-9.052924791086348,False,False,False
2026-06-05,082800,79.7,15.28,0.0,False,False,False
2026-06-05,355690,79.0,8.37,-7.499999999999996,False,False,False
2026-06-05,384470,78.9,13.96,-3.2558139534883734,False,False,False
2026-06-05,032790,77.9,14.94,0.0,False,False,False
2026-06-05,160980,76.5,9.09,-8.05555555555556,False,False,False
2026-06-05,066430,76.2,29.84,2.8919330289193246,False,False,False
2026-06-05,389650,75.8,13.74,-16.176470588235293,False,False,False
2026-06-05,291810,74.7,29.94,9.88620199146515,False,False,False
2026-06-05,240810,74.2,4.32,-5.048982667671442,False,False,False
2026-06-08,001000,90.0,29.97,1.2946979038224393,False,False,False
2026-06-08,291810,90.0,29.94,6.185002736726886,False,False,False
2026-06-08,066430,90.0,29.98,4.683840749414525,False,False,False
2026-06-08,051780,83.4,16.37,1.392757660167132,False,False,False
2026-06-08,388790,83.2,14.21,3.703703703703698,False,False,False
2026-06-08,459550,78.4,7.56,3.960396039603964,False,False,False
2026-06-08,049120,76.6,12.23,0.0,False,False,False
2026-06-08,030960,75.9,14.08,-5.291005291005291,False,False,False
2026-06-08,040350,75.2,26.47,2.628918099089983,False,False,False
2026-06-08,271830,74.1,29.98,3.690036900368998,False,False,False
2026-06-08,036630,73.0,13.15,2.7070063694267565,False,False,False
2026-06-08,348030,72.8,3.28,1.4925373134328401,False,False,False
2026-06-08,126640,72.5,29.95,29.9047619047619,False,False,False
2026-06-08,417860,70.7,30.0,22.71062271062272,False,False,False
2026-06-08,036170,70.6,8.27,0.0,False,False,False
2026-06-08,130740,67.2,4.6,2.777777777777768,False,False,False
2026-06-08,082800,66.0,6.88,0.15698587127157548,False,False,False
2026-06-08,321370,65.6,8.07,0.17361111111111605,False,False,False
2026-06-08,462350,64.5,6.28,2.7888446215139417,False,False,False
2026-06-09,328380,90.0,30.0,24.70414201183433,False,False,False
2026-06-09,219130,90.0,29.92,0.0,False,False,False
2026-06-09,126640,90.0,29.9,5.425219941348969,False,False,False
2026-06-09,115610,90.0,29.77,7.126436781609202,False,False,False
2026-06-09,084650,90.0,30.0,5.445116681071727,False,False,False
2026-06-09,160980,87.0,24.68,-0.4602991944764101,False,False,False
2026-06-09,121440,85.5,11.58,-0.31779661016949623,False,False,False
2026-06-09,041960,83.5,16.99,-0.9603841536614643,False,False,False
2026-06-09,451250,83.2,15.53,-1.2345679012345734,False,False,False
2026-06-09,200470,83.2,19.76,-1.2145748987854255,False,False,False
2026-06-09,065710,80.7,12.64,0.0,False,False,False
2026-06-09,109740,77.9,17.43,-0.14992503748125774,False,False,False
2026-06-09,314930,77.6,11.75,-1.6605166051660514,False,False,False
2026-06-09,060260,77.6,9.54,0.5172413793103514,False,False,False
2026-06-09,159010,77.2,20.93,-2.190580503833517,False,False,False
2026-06-09,065510,75.3,7.07,0.4213483146067398,False,False,False
2026-06-09,168360,75.1,18.12,0.6993006993007089,False,False,False
2026-06-09,243070,74.6,13.78,-1.1456628477905073,False,False,False
2026-06-09,048530,74.1,14.53,-7.512520868113526,False,False,False
2026-06-09,170920,73.9,12.83,-2.254901960784317,False,False,False
2026-06-10,079650,97.8,29.93,25.707547169811317,False,True,False
2026-06-10,389680,90.0,29.81,9.259259259259256,False,True,False
2026-06-10,126640,90.0,29.91,29.79683972911964,False,True,False
2026-06-10,328380,90.0,29.88,13.211845102505704,False,True,False
2026-06-10,438700,90.0,30.0,12.040133779264206,False,True,False
2026-06-10,017890,88.4,10.32,1.6129032258064502,False,True,False
2026-06-10,432430,87.5,13.33,0.41039671682625567,False,True,False
2026-06-10,228850,83.6,4.95,0.14306151645206988,False,True,False
2026-06-10,041830,81.9,10.4,-1.0952902519167584,False,True,False
2026-06-10,001000,81.2,15.81,10.000000000000009,False,True,False
2026-06-10,457600,80.7,10.05,0.0,False,True,False
2026-06-10,036120,80.2,7.26,-0.23752969121140222,False,True,False
2026-06-10,362320,78.5,7.53,-0.8750000000000036,False,True,False
2026-06-10,008830,78.2,8.79,-16.65638494756323,False,True,False
2026-06-10,453860,78.1,7.59,-0.1831501831501825,False,True,False
2026-06-10,149980,77.9,7.72,-1.971326164874554,False,True,False
2026-06-10,114810,77.6,6.0,-0.9551800146950784,False,True,False
2026-06-10,084650,74.8,6.14,5.781758957654715,False,True,False
2026-06-10,089230,71.9,11.4,0.6263048016701411,False,True,False
2026-06-10,083450,70.9,4.54,-1.388888888888884,False,True,False
2026-06-11,097800,90.0,29.87,23.203285420944564,False,True,False
2026-06-11,041510,90.0,21.15,-0.9009009009009028,False,True,False
2026-06-11,195500,90.0,29.83,1.93965517241379,False,True,False
2026-06-11,070300,90.0,29.94,6.081871345029244,False,True,False
2026-06-11,197140,89.4,18.25,0.0,False,True,False
2026-06-11,406820,88.6,29.94,2.6694045174537884,False,True,False
2026-06-11,060260,87.7,15.65,-0.15117157974300355,False,True,False
2026-06-11,090710,87.1,10.33,0.60658578856152,False,True,False
2026-06-11,067170,86.2,29.83,9.558823529411775,False,True,False
2026-06-11,147760,85.5,19.66,5.142857142857138,False,True,False
2026-06-11,016600,85.5,20.41,-1.57384987893463,False,True,False
2026-06-11,295310,85.2,8.38,4.8225659690627865,False,True,False
2026-06-11,214430,84.7,11.42,0.0,False,True,False
2026-06-11,330860,84.7,13.8,4.255319148936176,False,True,False
2026-06-11,033160,84.1,26.7,4.107142857142865,False,True,False
2026-06-11,437730,84.1,6.4,2.2900763358778553,False,True,False
2026-06-11,086450,84.1,4.07,1.1615628299894487,False,True,False
2026-06-11,183300,83.7,29.97,-4.0229885057471275,False,True,False
2026-06-11,475830,83.4,10.92,3.3755274261603407,False,True,False
2026-06-11,099750,83.3,5.66,2.8112449799196693,False,True,False
2026-06-12,270660,90.0,29.97,-6.401491609695464,False,False,False
2026-06-12,140860,90.0,28.6,-13.696612665684826,False,False,False
2026-06-12,079650,89.9,30.0,29.881656804733737,False,False,False
2026-06-12,453860,87.9,16.77,0.0,False,False,False
2026-06-12,241770,86.8,16.52,-3.4371643394199736,False,False,False
2026-06-12,357780,86.2,24.37,1.925254813137034,False,False,False
2026-06-12,047820,85.8,13.03,-3.0267753201396963,False,False,False
2026-06-12,093320,84.8,9.44,1.437699680511173,False,False,False
2026-06-12,048550,84.6,11.9,0.27272727272726893,False,False,False
2026-06-12,322510,84.5,21.45,0.0,False,False,False
2026-06-12,286750,83.8,12.28,3.5122597746852113,False,False,False
2026-06-12,086670,83.1,8.95,0.47990401919615344,False,False,False
2026-06-12,140670,82.9,16.1,1.1994002998500841,False,False,False
2026-06-12,036200,82.8,15.25,1.844426623897344,False,False,False
2026-06-12,045520,82.6,17.54,-0.17152658662092923,False,False,False
2026-06-12,074600,82.5,16.44,1.542111506524324,False,False,False
2026-06-12,338220,82.5,18.77,3.2258064516129004,False,False,False
2026-06-12,144960,82.0,20.65,0.0,False,False,False
2026-06-12,014190,81.5,9.36,0.0,False,False,False
2026-06-12,104830,81.4,9.17,2.941176470588225,False,False,False
2026-06-15,047770,90.0,29.89,-0.1394700139469962,False,False,False
2026-06-15,240600,90.0,29.86,11.861313868613133,False,False,False
2026-06-15,097800,90.0,29.81,8.153078202995001,False,False,False
2026-06-15,317240,90.0,29.96,2.4046434494195745,False,False,False
2026-06-15,311320,88.9,21.48,-0.11261261261261701,False,False,False
2026-06-15,036000,86.5,8.61,1.8292682926829285,False,False,False
2026-06-15,033340,84.8,20.53,-0.990099009900991,False,False,False
2026-06-15,093320,84.7,8.47,-1.4727540500736325,False,False,False
2026-06-15,045390,84.1,12.39,-1.9908116385911168,False,False,False
2026-06-15,198440,83.9,8.26,2.203389830508473,False,False,False
2026-06-15,048550,83.5,9.0,0.33361134278564464,False,False,False
2026-06-15,050120,83.2,17.65,-2.968749999999998,False,False,False
2026-06-15,198940,83.1,16.43,0.21645021645022577,False,False,False
2026-06-15,067160,82.9,6.74,-1.1834319526627168,False,False,False
2026-06-15,330860,82.2,14.26,-1.2131715771230511,False,False,False
2026-06-15,036010,82.1,16.13,4.061738424045491,False,False,False
2026-06-15,049430,81.9,7.86,0.8660213958227247,False,False,False
2026-06-15,011080,81.4,12.55,0.0,False,False,False
2026-06-15,378800,81.1,16.59,0.38461538461538325,False,False,False
2026-06-15,330350,81.0,22.82,-5.01222493887531,False,False,False
2026-06-16,224060,90.0,29.92,10.021321961620465,False,False,False
2026-06-16,240600,90.0,29.93,10.95505617977528,False,False,False
2026-06-16,297090,90.0,29.79,-8.020477815699657,False,False,False
2026-06-16,137080,88.2,14.32,4.660194174757271,False,False,False
2026-06-16,044490,87.9,22.37,0.5973715651135025,False,False,False
2026-06-16,494120,86.8,15.19,-0.8347245409014992,False,False,False
2026-06-16,004590,86.2,15.07,-0.15974440894568342,False,False,False
2026-06-16,053280,86.2,7.47,0.0,False,False,False
2026-06-16,389260,85.2,16.3,0.0,False,False,False
2026-06-16,144510,85.2,4.91,0.055035773252609665,False,False,False
2026-06-16,476830,85.2,14.43,0.9852216748768461,False,False,False
2026-06-16,126340,85.1,14.57,0.6130268199233679,False,False,False
2026-06-16,026910,83.9,20.49,-4.761904761904767,False,False,False
2026-06-16,035810,83.7,7.53,0.0,False,False,False
2026-06-16,056090,83.5,12.96,-1.4778325123152691,False,False,False
2026-06-16,377030,82.0,16.54,-0.4158004158004158,False,False,False
2026-06-16,463020,82.0,14.69,-2.581261950286806,False,False,False
2026-06-16,100130,81.9,16.81,-4.0000000000000036,False,False,False
2026-06-16,474610,81.4,15.59,0.10373443983402453,False,False,False
2026-06-16,432980,81.4,7.07,-0.6006006006005982,False,False,False
2026-06-17,023790,90.0,29.95,8.99540380827315,False,True,False
2026-06-17,198440,90.0,30.0,18.881118881118873,False,True,False
2026-06-17,146060,90.0,29.9,9.87755102040817,False,True,False
2026-06-17,372320,89.5,9.12,0.5865102639296182,False,True,False
2026-06-17,093190,89.0,10.18,0.0,False,True,False
2026-06-17,388870,87.6,13.82,0.0,False,True,False
2026-06-17,261200,87.6,6.64,-2.8469750889679735,False,True,False
2026-06-17,494120,86.3,11.19,0.0,False,True,False
2026-06-17,122640,86.2,16.44,-0.4457652303120341,False,True,False
2026-06-17,205500,86.2,19.36,-1.717557251908397,False,True,False
2026-06-17,101160,85.3,11.74,-1.016949152542368,False,True,False
2026-06-17,394420,84.2,13.6,-1.1737089201877882,False,True,False
2026-06-17,199800,83.0,15.97,-3.316582914572863,False,True,False
2026-06-17,126700,82.5,8.47,0.0,False,True,False
2026-06-17,143540,82.5,6.84,0.24630541871921707,False,True,False
2026-06-17,229000,82.3,16.96,-0.9293680297397744,False,True,False
2026-06-17,101970,82.1,11.95,4.038461538461546,False,True,False
2026-06-17,463020,81.6,16.73,-4.0131040131040185,False,True,False
2026-06-17,091970,81.5,13.36,-1.3953488372092981,False,True,False
2026-06-17,290650,81.3,10.36,-0.5793742757821518,False,True,False
2026-06-18,290560,90.0,30.0,12.014652014652016,False,True,False
2026-06-18,065170,90.0,29.97,9.051724137931028,False,True,False
2026-06-18,320000,90.0,29.95,29.978118161925593,False,True,False
2026-06-18,198440,90.0,30.0,16.72942442173211,False,True,False
2026-06-18,046390,90.0,30.0,2.8205128205128105,False,True,False
2026-06-18,091590,90.0,29.99,13.384113166485312,False,True,False
2026-06-18,046970,90.0,29.98,10.306748466257677,False,True,False
2026-06-18,189860,90.0,29.98,5.952380952380953,False,True,False
2026-06-18,067370,90.0,29.88,1.3531799729364025,False,True,False
2026-06-18,052460,89.3,8.99,1.9490254872563728,False,True,False
2026-06-18,417500,87.1,10.61,1.0512483574244502,False,True,False
2026-06-18,069330,86.8,13.14,0.0,False,True,False
2026-06-18,306620,86.1,12.85,0.3502626970227629,False,True,False
2026-06-18,276730,85.9,18.07,0.47281323877068626,False,True,False
2026-06-18,086060,84.9,9.43,0.0,False,True,False
2026-06-18,122640,83.8,18.42,-1.129234629861986,False,True,False
2026-06-18,091440,82.7,6.01,0.22675736961450532,False,True,False
2026-06-18,149950,81.9,14.8,-0.5552128315854388,False,True,False
2026-06-18,351320,81.9,16.18,-8.294209702660405,False,True,False
2026-06-18,126730,81.0,13.22,0.0,False,True,False
2026-06-19,320000,90.0,29.98,0.3928170594837299,False,False,False
2026-06-19,011080,90.0,29.94,-8.5348506401138,False,False,False
2026-06-19,286750,89.0,9.87,-2.443494196701279,False,False,False
2026-06-19,276730,87.3,15.07,0.8731381612737454,False,False,False
2026-06-19,306620,87.2,17.51,1.3412816691505292,False,False,False
2026-06-19,460940,85.2,22.04,-4.9926578560939845,False,False,False
2026-06-19,096870,84.2,8.12,0.05252100840336116,False,False,False
2026-06-19,091970,82.4,14.79,-2.3809523809523836,False,False,False
2026-06-19,311320,82.0,16.84,0.09737098344693162,False,False,False
2026-06-19,092040,80.6,15.41,0.396563119629878,False,False,False
2026-06-19,114630,80.1,6.96,0.0,False,False,False
2026-06-19,413630,80.0,29.88,-4.538341158059467,False,False,False
2026-06-19,014950,80.0,29.98,3.091557669441136,False,False,False
2026-06-19,149950,79.2,6.79,0.23108030040439598,False,False,False
2026-06-19,091590,79.1,12.73,-5.405405405405405,False,False,False
2026-06-19,299660,79.0,5.34,0.0,False,False,False
2026-06-19,079950,79.0,6.25,0.0,False,False,False
2026-06-19,086060,78.6,3.61,-0.786516853932584,False,False,False
2026-06-19,093640,78.1,12.26,0.2873563218390718,False,False,False
2026-06-19,330350,77.7,13.59,-0.3386004514672636,False,False,False
2026-06-22,320000,90.0,29.91,2.807775377969768,False,True,False
2026-06-22,071670,90.0,29.93,7.323568575233019,False,True,False
2026-06-22,475430,90.0,30.0,3.764320785597386,False,True,False
2026-06-22,045520,90.0,29.89,13.780025284450058,False,True,False
2026-06-22,091440,89.1,28.47,-1.098901098901095,False,True,False
2026-06-22,114630,88.6,6.29,-0.45941807044410643,False,True,False
2026-06-22,119830,87.5,20.61,0.0,False,True,False
2026-06-22,141000,87.5,12.3,0.0,False,True,False
2026-06-22,025320,86.7,13.42,2.507522567703102,False,True,False
2026-06-22,457600,84.4,16.67,-0.20408163265306367,False,True,False
2026-06-22,089790,83.6,11.81,0.7751937984496138,False,True,False
2026-06-22,049430,82.9,5.59,-0.7352941176470562,False,True,False
2026-06-22,420770,81.8,14.53,0.0,False,True,False
2026-06-22,204270,81.2,8.81,-4.59518599562363,False,True,False
2026-06-22,048550,80.5,11.59,-0.9090909090909038,False,True,False
2026-06-22,030960,80.4,10.86,-1.7377567140600347,False,True,False
2026-06-22,079650,80.4,29.8,18.88000000000001,False,True,False
2026-06-22,096870,79.8,14.76,0.0,False,True,False
2026-06-22,037350,79.6,9.27,1.9723865877712132,False,True,False
2026-06-22,067310,79.6,15.92,-2.6408450704225372,False,True,False
2026-06-23,036090,90.0,30.0,0.40183696900115695,False,False,False
2026-06-23,053950,90.0,29.75,9.913793103448265,False,False,False
2026-06-23,006920,90.0,30.0,16.550116550116556,False,False,False
2026-06-23,303030,89.2,29.78,3.2258064516129004,False,False,False
2026-06-23,044480,88.7,17.62,0.0,False,False,False
2026-06-23,088910,86.0,13.72,-4.669260700389099,False,False,False
2026-06-23,238090,85.7,19.15,-1.7857142857142905,False,False,False
2026-06-23,043650,84.9,20.85,-2.7946537059538312,False,False,False
2026-06-23,290690,84.1,14.42,4.0000000000000036,False,False,False
2026-06-23,092040,80.9,17.37,3.6994219653179172,False,False,False
2026-06-23,146320,79.7,6.14,-4.490106544901062,False,False,False
2026-06-23,215480,79.6,3.87,0.0,False,False,False
2026-06-23,198440,74.5,8.96,15.367965367965365,False,False,False
2026-06-23,030960,74.2,4.42,-0.7564296520423563,False,False,False
2026-06-23,356680,73.8,21.54,4.621635347892328,False,False,False
2026-06-23,001000,72.1,5.78,-1.0666666666666713,False,False,False
2026-06-23,065170,71.1,23.77,-9.356435643564353,False,False,False
2026-06-23,368770,70.2,3.31,-3.7820512820512797,False,False,False
2026-06-23,056090,70.2,9.61,0.7072135785006983,False,False,False
2026-06-24,228340,90.0,29.92,3.734439834024905,False,False,False
2026-06-24,006920,90.0,29.84,-6.642728904847395,False,False,False
2026-06-24,251630,90.0,30.0,-2.0585048754062862,False,False,False
2026-06-24,111710,90.0,29.93,7.853403141361248,False,False,False
2026-06-24,122350,87.8,29.9,29.926335174953955,False,False,False
2026-06-24,419050,87.8,29.99,19.972451790633606,False,False,False
2026-06-24,067900,86.7,13.11,0.2971768202080227,False,False,False
2026-06-24,100660,83.1,30.0,9.954751131221728,False,False,False
2026-06-24,041460,81.8,9.18,0.0,False,False,False
2026-06-24,290690,81.2,15.6,-2.595155709342556,False,False,False
2026-06-24,413630,79.9,29.89,5.8238636363636465,False,False,False
2026-06-24,036090,79.8,10.79,1.0362694300518172,False,False,False
2026-06-24,043650,79.4,6.93,3.1818181818181746,False,False,False
2026-06-24,307870,78.4,15.89,-4.761904761904767,False,False,False
2026-06-24,079000,77.1,29.84,0.0,False,False,False
2026-06-24,023410,77.0,8.51,4.1369472182596345,False,False,False
2026-06-24,035610,75.6,4.74,-2.7737226277372296,False,False,False
2026-06-24,065170,73.7,4.46,-3.5545023696682443,False,False,False
2026-06-24,123330,73.7,12.54,-1.94029850746269,False,False,False
2026-06-24,004650,73.0,4.65,0.42283298097252064,False,False,False
2026-06-25,419050,90.0,29.96,13.937466878643345,False,False,False
2026-06-25,012340,89.7,29.92,17.204301075268823,False,False,False
2026-06-25,019010,84.2,11.69,1.8867924528301883,False,False,False
2026-06-25,065170,83.5,29.86,2.1897810218978186,False,False,False
2026-06-25,034810,81.4,12.59,0.47244094488188004,False,False,False
2026-06-25,179530,80.8,20.38,0.0,False,False,False
2026-06-25,082210,80.5,16.21,0.0,False,False,False
2026-06-25,368970,80.0,29.95,1.1363636363636465,False,False,False
2026-06-25,439090,76.6,12.28,-3.9693593314763187,False,False,False
2026-06-25,065710,75.8,8.4,-0.20942408376963817,False,False,False
2026-06-25,389260,75.8,18.67,-0.540175557056044,False,False,False
2026-06-25,102370,75.6,7.45,-3.2148900169204686,False,False,False
2026-06-25,317770,74.9,11.55,-3.2015065913371,False,False,False
2026-06-25,101970,72.7,12.16,18.44300278035218,False,False,False
2026-06-25,214450,72.3,5.91,-1.2403100775193798,False,False,False
2026-06-25,209640,70.4,14.48,-1.393354769560562,False,False,False
2026-06-25,123330,69.9,5.22,1.1820330969267046,False,False,False
2026-06-25,334970,69.4,6.12,-0.7526342197691882,False,False,False
2026-06-25,175140,69.1,8.57,0.0,False,False,False
2026-06-25,475430,68.5,10.76,0.15923566878981443,False,False,False
2026-06-26,241790,90.0,30.0,2.3076923076922995,False,False,False
2026-06-26,012340,90.0,29.93,5.034482758620684,False,False,False
2026-06-26,060260,88.3,7.57,-0.5810200129115595,False,False,False
2026-06-26,123330,83.1,8.75,2.3913043478260843,False,False,False
2026-06-26,361670,82.5,17.65,0.0,False,False,False
2026-06-26,111710,82.3,29.97,17.14285714285715,False,False,False
2026-06-26,189690,81.6,8.04,0.0,False,False,False
2026-06-26,082210,80.6,15.26,0.0,False,False,False
2026-06-26,122350,80.0,29.98,7.360959651035981,False,False,False
2026-06-26,067170,78.7,13.75,2.287581699346397,False,False,False
2026-06-26,179530,77.1,6.06,0.8163265306122547,False,False,False
2026-06-26,286750,76.0,13.61,1.0253642741500313,False,False,False
2026-06-26,106240,75.1,16.3,-6.3247863247863245,False,False,False
2026-06-26,290660,75.1,-1.74,0.0,False,False,False
2026-06-26,204610,75.0,4.58,0.0,False,False,False
2026-06-26,900250,73.8,18.81,-2.271209084836334,False,False,False
2026-06-26,376900,72.9,11.25,1.573033707865168,False,False,False
2026-06-26,477850,72.6,11.99,0.0,False,False,False
2026-06-26,389260,72.5,3.38,6.596995427824948,False,False,False
2026-06-26,033560,72.3,3.14,0.0,False,False,False
2026-06-29,270520,90.0,29.98,0.0,False,False,False
2026-06-29,323990,90.0,29.8,9.338521400778198,False,False,False
2026-06-29,011560,87.6,17.8,0.0,False,False,False
2026-06-29,237690,87.1,14.99,-1.4814814814814836,False,False,False
2026-06-29,111710,86.2,30.0,3.4536891679748827,False,False,False
2026-06-29,194480,85.4,29.96,-2.5160912814511383,False,False,False
2026-06-29,041830,84.8,16.5,0.19011406844107182,False,False,False
2026-06-29,234690,83.4,13.64,0.24242424242424399,False,False,False
2026-06-29,224060,82.9,21.28,0.0,False,False,False
2026-06-29,217190,82.1,21.32,-1.5280135823429575,False,False,False
2026-06-29,251970,82.0,16.74,-1.0526315789473717,False,False,False
2026-06-29,021320,81.5,10.74,2.333931777378817,False,False,False
2026-06-29,215000,80.7,10.68,0.12210012210012167,False,False,False
2026-06-29,018290,80.5,16.7,-1.7585931254995968,False,False,False
2026-06-29,389650,80.0,16.56,-1.1363636363636354,False,False,False
2026-06-29,348370,79.6,27.71,-2.9363784665579096,False,False,False
2026-06-29,067990,79.4,12.84,0.0,False,False,False
2026-06-29,042000,78.4,18.41,-2.0325203252032575,False,False,False
2026-06-29,051980,78.4,22.64,-0.8960573476702538,False,False,False
2026-06-29,439090,78.3,11.88,-2.587923025879235,False,False,False
2026-06-30,050760,90.0,30.0,14.705882352941169,False,True,False
2026-06-30,270660,90.0,29.99,15.977961432506893,False,True,False
2026-06-30,270520,90.0,29.72,3.6951501154734334,False,True,False
2026-06-30,066980,90.0,29.83,5.432595573440646,False,True,False
2026-06-30,038880,88.6,29.76,7.722007722007729,False,True,False
2026-06-30,078020,88.2,6.76,-0.15082956259426794,False,True,False
2026-06-30,102370,88.1,9.75,-2.409638554216864,False,True,False
2026-06-30,160980,88.0,21.49,0.5018820577164407,False,True,False
2026-06-30,071280,85.0,14.48,0.2580645161290418,False,True,False
2026-06-30,025320,85.0,15.74,-1.6583747927031545,False,True,False
2026-06-30,054220,84.3,11.2,1.0638297872340496,False,True,False
2026-06-30,297570,84.1,12.28,0.9577015163607427,False,True,False
2026-06-30,089140,83.1,15.54,0.0,False,True,False
2026-06-30,072870,82.9,5.56,0.3759398496240518,False,True,False
2026-06-30,064850,82.8,7.76,-5.025125628140703,False,True,False
2026-06-30,018000,80.7,13.25,-0.26385224274406704,False,True,False
2026-06-30,070300,80.5,16.44,0.0,False,True,False
2026-06-30,121440,80.0,19.89,0.0,False,True,False
2026-06-30,347000,80.0,6.19,1.1072261072261114,False,True,False
2026-06-30,041830,79.9,9.89,-1.557093425605538,False,True,False
2026-07-01,025950,90.0,30.0,7.402031930333819,False,False,False
2026-07-01,225530,90.0,30.0,-4.315196998123827,False,False,False
2026-07-01,322780,90.0,29.83,-11.764705882352944,False,False,False
2026-07-01,042940,90.0,29.92,-3.0303030303030276,False,False,False
2026-07-01,017510,89.5,12.78,-0.5780346820809301,False,False,False
2026-07-01,045100,87.6,26.52,-6.25,False,False,False
2026-07-01,089890,86.1,18.4,-4.729729729729726,False,False,False
2026-07-01,053350,85.9,9.83,-4.385964912280704,False,False,False
2026-07-01,291810,85.2,14.7,-1.4404852160727843,False,False,False
2026-07-01,037350,85.2,13.25,-5.803571428571431,False,False,False
2026-07-01,115160,84.8,23.51,-3.9531478770131745,False,False,False
2026-07-01,023410,84.2,29.93,0.0,False,False,False
2026-07-01,357580,84.0,20.0,-14.67661691542289,False,False,False
2026-07-01,191410,83.7,14.79,0.07278020378456151,False,False,False
2026-07-01,189860,83.5,15.58,-0.424628450106157,False,False,False
2026-07-01,052710,83.5,22.77,-4.8387096774193505,False,False,False
2026-07-01,123750,83.2,13.53,0.0,False,False,False
2026-07-01,219130,82.8,21.46,-0.9589041095890427,False,False,False
2026-07-01,039440,82.8,11.27,-5.696202531645566,False,False,False
2026-07-01,484590,82.8,10.32,-1.2987012987012991,False,False,False
2026-07-02,026910,90.0,30.0,1.538461538461533,False,False,False
2026-07-02,017000,90.0,29.94,1.8808777429467183,False,False,False
2026-07-02,214260,88.8,9.27,0.7709251101321479,False,False,False
2026-07-02,044480,87.6,7.34,-0.8547008547008517,False,False,False
2026-07-02,017890,86.5,7.93,-1.0054137664346485,False,False,False
2026-07-02,094860,85.0,7.28,0.07142857142856673,False,False,False
2026-07-02,288980,84.7,14.25,2.970297029702973,False,False,False
2026-07-02,415380,84.5,11.47,0.1071811361200492,False,False,False
2026-07-02,093380,84.1,24.18,-4.536862003780717,False,False,False
2026-07-02,094360,83.5,18.91,-3.87275242047026,False,False,False
2026-07-02,052420,83.1,9.87,-0.35460992907800915,False,False,False
2026-07-02,372800,82.1,18.22,-4.743083003952564,False,False,False
2026-07-02,046940,81.4,15.83,0.26281208935610145,False,False,False
2026-07-02,090410,80.6,7.88,-4.347826086956519,False,False,False
2026-07-02,477850,80.0,29.8,2.1126760563380254,False,False,False
2026-07-02,016100,79.7,15.62,6.5088757396449815,False,False,False
2026-07-02,065170,78.9,29.96,4.950495049504955,False,False,False
2026-07-02,007680,78.7,11.59,-0.49443757725586845,False,False,False
2026-07-02,117670,77.9,10.81,1.1959521619135272,False,False,False
2026-07-02,041510,77.6,7.08,-1.1450381679389277,False,False,False
2026-07-03,013120,90.0,29.9,6.825396825396823,False,True,False
2026-07-03,455180,90.0,27.89,0.641399416909616,False,True,False
2026-07-03,452200,90.0,29.74,11.270983213429254,False,True,False
2026-07-03,039830,89.6,14.67,0.0,False,True,False
2026-07-03,085810,89.4,22.94,0.06988120195667857,False,True,False
2026-07-03,095500,88.3,24.13,-5.698324022346368,False,True,False
2026-07-03,484120,88.2,15.81,9.281437125748493,False,True,False
2026-07-03,441270,87.7,16.38,-4.289544235924936,False,True,False
2026-07-03,019770,86.9,7.43,-0.9022556390977488,False,True,False
2026-07-03,036480,86.9,9.62,0.6379585326953707,False,True,False
2026-07-03,251970,86.9,11.25,1.744186046511631,False,True,False
2026-07-03,017890,86.1,5.72,-1.9019751280175523,False,True,False
2026-07-03,064290,85.3,13.1,-1.3513513513513487,False,True,False
2026-07-03,489460,83.4,13.26,0.0,False,True,False
2026-07-03,263700,83.1,9.07,7.6759061833688635,False,True,False
2026-07-03,322780,82.4,18.24,-2.330508474576276,False,True,False
2026-07-03,900300,82.1,29.98,0.7380073800737907,False,True,False
2026-07-03,144960,81.2,18.49,4.728132387706863,False,True,False
2026-07-03,037070,81.1,14.41,3.3674963396779,False,True,False
2026-07-06,037070,90.0,29.87,1.1273957158962844,False,False,True
2026-07-06,382900,89.3,14.82,-24.909090909090914,False,False,True
2026-07-06,060150,86.9,4.45,-1.9117647058823573,False,False,True
2026-07-06,103840,86.7,12.03,0.0,False,False,True
2026-07-06,222040,85.2,9.97,0.9615384615384581,False,False,True
2026-07-06,212560,85.1,17.61,-0.08912655971479166,False,False,True
2026-07-06,215090,84.5,7.86,-5.142857142857138,False,False,True
2026-07-06,148930,83.9,5.02,0.0,False,False,True
2026-07-06,019210,83.2,18.14,-5.243445692883897,False,False,True
2026-07-06,091970,82.7,17.35,0.0,False,False,True
2026-07-06,082800,81.3,15.74,-2.065404475043031,False,False,True
2026-07-06,091590,81.0,11.68,-9.048067860508958,False,False,True
2026-07-06,041910,80.2,3.84,-2.9182879377431914,False,False,True
2026-07-06,039010,80.2,5.62,-3.4653465346534684,False,False,True
2026-07-06,044340,80.2,15.04,-2.784503631961255,False,False,True
2026-07-06,052460,80.1,11.42,-1.8927444794952675,False,False,True
2026-07-06,025950,79.5,15.17,-2.5122549019607865,False,False,True
2026-07-06,484120,78.9,5.21,-3.528742174160504,False,False,True
2026-07-06,036800,78.4,4.47,-1.1093502377179099,False,False,True
2026-07-06,364950,78.2,7.05,1.4634146341463428,False,False,True
2026-07-07,109610,90.0,29.95,7.2265625,False,False,True
2026-07-07,008470,88.7,14.79,2.6315789473684292,False,False,True
2026-07-07,237880,86.4,12.86,13.713268032056991,False,False,True
2026-07-07,092730,85.1,7.92,2.278481012658218,False,False,True
2026-07-07,307750,81.8,3.56,-0.21459227467811592,False,False,True
2026-07-07,365330,81.2,14.49,-3.6714975845410613,False,False,True
2026-07-07,399720,81.1,17.95,-6.843718079673133,False,False,True
2026-07-07,310200,81.1,6.0,-0.8385744234800874,False,False,True
2026-07-07,192390,80.8,4.95,0.0,False,False,True
2026-07-07,042520,80.5,14.57,-2.1526418786692814,False,False,True
2026-07-07,198440,80.3,13.27,-2.054414214325373,False,False,True
2026-07-07,045340,78.4,4.45,-0.1468428781204123,False,False,True
2026-07-07,101730,78.4,13.01,-1.501501501501501,False,False,True
2026-07-07,006730,78.3,7.03,-1.8901890189018888,False,False,True
2026-07-07,260970,78.1,5.99,-0.7936507936507908,False,False,True
2026-07-07,053280,78.0,6.98,0.0,False,False,True
2026-07-07,065770,78.0,8.61,5.46875,False,False,True
2026-07-07,041510,77.7,6.09,-0.48840048840048667,False,False,True
2026-07-07,251970,77.6,7.64,-1.2903225806451646,False,False,True
2026-07-07,251120,77.4,4.21,-0.8968609865470878,False,False,True
2026-07-08,038870,90.0,29.74,13.669064748201443,False,False,False
2026-07-08,406820,90.0,29.9,-0.8752735229759279,False,False,False
2026-07-08,098660,88.7,9.72,0.0,False,False,False
2026-07-08,457600,88.5,20.09,0.0,False,False,False
2026-07-08,439090,85.7,18.44,-6.022727272727268,False,False,False
2026-07-08,071200,85.4,7.35,0.6849315068493178,False,False,False
2026-07-08,205100,84.5,5.63,0.43397396156230617,False,False,False
2026-07-08,223310,83.4,12.44,0.0,False,False,False
2026-07-08,377450,81.2,8.46,0.0,False,False,False
2026-07-08,189330,80.0,29.97,16.323296354992078,False,False,False
2026-07-08,263800,80.0,29.98,29.966329966329972,False,False,False
2026-07-08,237880,79.7,6.86,-5.41666666666667,False,False,False
2026-07-08,091970,79.6,12.97,-0.43041606886656814,False,False,False
2026-07-08,053290,79.3,13.01,3.8594073053066946,False,False,False
2026-07-08,066590,77.7,5.87,0.0,False,False,False
2026-07-08,318060,77.0,5.43,0.0,False,False,False
2026-07-08,368970,76.7,0.0,8.249496981891348,False,False,False
2026-07-08,362320,76.5,4.99,-1.4799154334038,False,False,False
2026-07-08,036630,74.9,7.44,-5.788876276958,False,False,False
2026-07-08,079650,74.2,12.67,-2.4163568773234223,False,False,False
2026-07-09,303530,90.0,29.84,-4.596100278551529,False,True,False
2026-07-09,263800,90.0,29.97,8.937823834196902,False,True,False
2026-07-09,388790,90.0,29.93,7.0336391437308965,False,True,False
2026-07-09,038870,90.0,29.98,2.2140221402213944,False,True,False
2026-07-09,043590,90.0,30.0,9.782608695652172,False,True,False
2026-07-09,399720,90.0,29.91,5.395683453237421,False,True,False
2026-07-09,018620,88.8,13.65,-1.590106007067138,False,True,False
2026-07-09,035760,87.8,5.58,-2.3494860499265746,False,True,False
2026-07-09,086980,87.7,6.82,-0.4405286343612369,False,True,False
2026-07-09,001540,85.9,6.63,1.8281535648994485,False,True,False
2026-07-09,069080,83.8,3.09,-0.16194331983805377,False,True,False
2026-07-09,049480,82.8,13.16,-1.3953488372092981,False,True,False
2026-07-09,040350,80.8,16.34,-1.4893617021276562,False,True,False
2026-07-09,071200,80.5,8.36,0.5056890012642201,False,True,False
2026-07-09,007390,80.2,29.89,-4.9557522123893865,False,True,False
2026-07-09,200710,79.9,13.08,3.1029619181946355,False,True,False
2026-07-09,227610,79.5,9.05,0.2862595419847347,False,True,False
2026-07-09,036630,79.5,5.33,-2.6939655172413812,False,True,False
2026-07-09,365590,78.8,2.52,-0.5681818181818232,False,True,False
2026-07-09,446540,78.4,7.57,2.2399999999999975,False,True,False
2026-07-10,226330,90.0,30.0,20.192307692307686,False,False,False
2026-07-10,018620,88.1,8.3,0.0,False,False,False
2026-07-10,199800,87.1,25.11,7.035755478662042,False,False,False
2026-07-10,071200,85.8,12.01,-0.6772009029345383,False,False,False
2026-07-10,043590,84.3,23.33,-4.067796610169494,False,False,False
2026-07-10,104040,83.2,14.81,0.0,False,False,False
2026-07-10,049080,82.9,29.92,12.227805695142369,False,False,False
2026-07-10,048530,82.4,11.59,0.0,False,False,False
2026-07-10,153460,82.4,14.75,0.28571428571428914,False,False,False
2026-07-10,348350,81.9,15.38,0.5555555555555536,False,False,False
2026-07-10,078130,80.8,6.95,0.0,False,False,False
2026-07-10,261780,80.6,12.38,6.2937062937062915,False,False,False
2026-07-10,061090,80.3,21.47,3.18331503841931,False,False,False
2026-07-10,052900,80.2,8.28,1.4383043149129415,False,False,False
2026-07-10,115440,80.2,11.4,-0.90673575129534,False,False,False
2026-07-10,310200,79.6,8.6,0.19305019305020377,False,False,False
2026-07-10,267980,78.6,6.04,-1.851851851851849,False,False,False
2026-07-10,481070,78.2,11.93,-1.8452380952380998,False,False,False
2026-07-10,417840,78.2,24.34,2.2012578616352307,False,False,False
2026-07-10,457600,77.9,18.88,0.0,False,False,False
2026-07-13,038880,90.0,29.92,4.810495626822164,False,False,False
2026-07-13,049080,90.0,29.98,15.97938144329898,False,False,False
2026-07-13,017890,86.8,4.78,0.0,False,False,False
2026-07-13,191410,84.0,17.2,-1.6372795969773257,False,False,False
2026-07-13,091440,83.6,19.76,0.0,False,False,False
2026-07-13,331380,81.8,14.42,-4.761904761904767,False,False,False
2026-07-13,322780,81.7,29.78,9.677419354838701,False,False,False
2026-07-13,044340,80.5,29.97,14.960629921259837,False,False,False
2026-07-13,037070,79.7,25.32,3.995433789954328,False,False,False
2026-07-13,240600,77.2,15.52,6.396588486140731,False,False,False
2026-07-13,042110,76.4,13.13,-3.122497998398721,False,False,False
2026-07-13,045100,74.8,7.66,-2.0740740740740726,False,False,False
2026-07-13,237750,74.8,0.88,-0.9782608695652173,False,False,False
2026-07-13,038680,74.5,3.55,-0.5970149253731294,False,False,False
2026-07-13,104040,74.5,12.32,2.1505376344086002,False,False,False
2026-07-13,090850,72.6,3.69,-0.6779661016949157,False,False,False
2026-07-13,138360,71.9,11.17,-0.9615384615384581,False,False,False
2026-07-13,241710,69.9,6.87,-1.2401352874859106,False,False,False
2026-07-13,053350,68.9,5.82,0.5641748942172065,False,False,False
2026-07-13,252990,67.2,6.15,-1.9323671497584516,False,False,False
2026-07-14,050110,90.0,29.93,21.00617828773168,False,False,False
2026-07-14,218150,90.0,29.84,7.352941176470584,False,False,False
2026-07-14,002680,90.0,29.98,15.07128309572301,False,False,False
2026-07-14,086060,89.6,9.68,0.1984126984126977,False,False,False
2026-07-14,376900,87.3,23.16,3.4292035398230114,False,False,False
2026-07-14,035610,86.4,6.93,0.11574074074074403,False,False,False
2026-07-14,067080,85.9,11.91,2.4630541871921263,False,False,False
2026-07-14,089230,84.7,21.8,3.995621237000546,False,False,False
2026-07-14,065680,83.0,7.97,0.1677852348993314,False,False,False
2026-07-14,020710,82.9,5.49,0.1335113484646211,False,False,False
2026-07-14,348350,82.6,4.26,2.6910656620021456,False,False,False
2026-07-14,193250,82.2,14.91,0.0,False,False,False
2026-07-14,331380,81.6,8.71,2.564102564102555,False,False,False
2026-07-14,049080,81.4,16.37,5.4263565891472965,False,False,False
2026-07-14,038880,80.1,16.62,-3.3749999999999947,False,False,False
2026-07-14,228760,79.3,9.36,1.4962593516209433,False,False,False
2026-07-14,270520,76.4,9.86,-4.761904761904767,False,False,False
2026-07-14,003310,75.4,7.1,-1.7751479289940808,False,False,False
2026-07-14,044340,74.7,5.06,4.4967880085653,False,False,False
2026-07-14,090470,74.3,2.96,-3.597122302158273,False,False,False
2026-07-15,484120,89.6,19.25,0.0,False,False,False
2026-07-15,252990,89.1,20.88,-4.397705544933084,False,False,False
2026-07-15,101160,88.9,13.22,-2.304147465437789,False,False,False
2026-07-15,196300,88.6,29.97,1.2244897959183598,False,False,False
2026-07-15,065060,88.1,26.46,0.0,False,False,False
2026-07-15,065950,86.6,21.87,7.275666936135816,False,False,False
2026-07-15,011080,85.3,16.17,29.931972789115658,False,False,False
2026-07-15,046210,85.0,30.0,3.1468531468531458,False,False,False
2026-07-15,303360,84.9,22.21,1.9507186858316317,False,False,False
2026-07-15,187420,84.7,29.96,5.000000000000004,False,False,False
2026-07-15,052710,84.6,20.8,-3.035060177917326,False,False,False
2026-07-15,073490,84.5,20.5,-1.5625,False,False,False
2026-07-15,094840,84.5,10.83,-0.9413468501086153,False,False,False
2026-07-15,036710,83.4,22.26,-3.398058252427183,False,False,False
2026-07-15,424980,83.3,7.05,-1.0973936899862813,False,False,False
2026-07-15,026040,82.8,9.58,2.2222222222222143,False,False,False
2026-07-15,044340,82.5,15.85,2.5878003696857776,False,False,False
2026-07-15,376900,81.7,17.7,-1.8796992481203034,False,False,False
2026-07-15,065680,81.3,6.38,-2.050473186119872,False,False,False
2026-07-15,025870,80.9,10.75,7.9726651480637845,False,False,False
2026-07-16,285800,90.0,29.96,7.0448307410796,False,True,False
2026-07-16,024940,90.0,29.81,11.111111111111116,False,True,False
2026-07-16,066910,90.0,29.98,8.7527352297593,False,True,False
2026-07-16,023790,90.0,29.97,10.549589387239422,False,True,False
2026-07-16,072770,90.0,30.0,8.547008547008538,False,True,False
2026-07-16,053280,88.2,5.79,0.2958579881656709,False,True,False
2026-07-16,487580,87.3,19.94,-2.7707808564231717,False,True,False
2026-07-16,476060,85.9,20.33,-5.310344827586211,False,True,False
2026-07-16,070300,85.1,18.74,1.2269938650306678,False,True,False
2026-07-16,101680,84.9,8.9,0.0,False,True,False
2026-07-16,060230,84.5,24.6,3.0042918454935563,False,True,False
2026-07-16,192410,84.5,10.39,-0.9549795361528002,False,True,False
2026-07-16,046310,83.5,3.47,0.0,False,True,False
2026-07-16,026910,79.7,12.07,0.0,False,True,False
2026-07-16,219550,79.7,15.01,1.6949152542372836,False,True,False
2026-07-16,460930,79.7,8.49,14.909390444810544,False,True,False
2026-07-16,179290,79.1,7.11,0.0,False,True,False
2026-07-16,002680,78.9,14.62,-0.4115226337448541,False,True,False
2026-07-16,024950,77.9,5.14,1.724137931034475,False,True,False
2026-07-16,320000,77.9,10.75,4.740061162079501,False,True,False
2026-07-20,066910,90.0,29.98,6.060606060606055,False,False,False
2026-07-20,079950,90.0,29.93,2.369668246445489,False,False,False
2026-07-20,048830,89.2,5.52,-0.08873114463177068,False,False,False
2026-07-20,069920,89.2,29.93,29.92700729927007,False,False,False
2026-07-20,218150,86.2,29.8,11.95445920303606,False,False,False
2026-07-20,262840,85.7,4.27,-0.983606557377048,False,False,False
2026-07-20,068790,85.2,6.4,0.6535947712418277,False,False,False
2026-07-20,084440,85.0,8.72,0.09551098376312517,False,False,False
2026-07-20,320000,84.7,22.09,0.8766437069505306,False,False,False
2026-07-20,285800,84.7,29.92,6.901408450704216,False,False,False
2026-07-20,014950,83.4,12.39,0.6389776357827559,False,False,False
2026-07-20,376900,83.2,26.99,-6.351791530944628,False,False,False
2026-07-20,002680,83.1,13.79,0.0,False,False,False
2026-07-20,033560,82.8,5.27,0.0,False,False,False
2026-07-20,005860,82.7,14.94,1.4440433212996373,False,False,False
2026-07-20,457600,82.6,16.4,-1.5479876160990669,False,False,False
2026-07-20,303030,82.5,15.03,-2.4838012958963263,False,False,False
2026-07-20,121890,81.5,6.34,0.4587155963302836,False,False,False
2026-07-20,252990,81.1,6.38,0.0,False,False,False
2026-07-20,460930,80.4,13.34,-1.9622093023255793,False,False,False
2026-07-21,208640,90.0,29.95,7.166123778501632,False,True,False
2026-07-21,405000,90.0,29.79,0.0,False,True,False
2026-07-21,303030,90.0,29.86,-8.523908523908519,False,True,False
2026-07-21,066590,90.0,30.0,14.128728414442705,False,True,False
2026-07-21,264850,90.0,29.97,21.57279489904358,False,True,False
2026-07-21,270660,90.0,30.0,18.00158604282316,False,True,False
2026-07-21,187790,90.0,29.97,0.536193029490617,False,True,False
2026-07-21,290660,90.0,29.97,6.118980169971677,False,True,False
2026-07-21,068790,89.4,11.5,0.4689331770222793,False,True,False
2026-07-21,484810,86.3,23.72,29.948186528497402,False,True,False
2026-07-21,377450,86.2,7.97,1.0027347310847867,False,True,False
2026-07-21,059120,85.9,23.06,11.299435028248595,False,True,False
2026-07-21,079940,85.0,7.83,0.10526315789474161,False,True,False
2026-07-21,065690,84.5,15.97,3.923076923076918,False,True,False
2026-07-21,064820,83.3,6.33,-3.6796536796536827,False,True,False
2026-07-21,023790,83.1,29.9,9.90990990990992,False,True,False
2026-07-21,420570,82.3,10.46,-2.655889145496537,False,True,False
2026-07-21,435570,81.8,10.65,0.0,False,True,False
2026-07-21,215090,81.4,16.92,-1.9828155981493678,False,True,False
2026-07-21,381620,80.8,13.63,7.939189189189189,False,True,False
2026-07-22,140430,90.0,29.97,2.5882352941176467,False,True,False
2026-07-22,138360,90.0,29.89,4.602510460251041,False,True,False
2026-07-22,432470,90.0,29.93,11.123595505617967,False,True,False
2026-07-22,354200,90.0,29.86,0.0,False,True,False
2026-07-22,039860,90.0,29.9,5.726872246696035,False,True,False
2026-07-22,459550,90.0,29.91,9.346504559270507,False,True,False
2026-07-22,306040,90.0,28.15,-8.03571428571429,False,True,False
2026-07-22,437730,83.8,24.73,16.547788873038517,False,True,False
2026-07-22,351330,83.2,11.27,-2.179487179487183,False,True,False
2026-07-22,079950,83.2,22.72,-2.065799540933433,False,True,False
2026-07-22,489460,82.9,15.5,0.0,False,True,False
2026-07-22,130500,82.6,8.75,-0.2630194634402949,False,True,False
2026-07-22,391710,80.9,16.92,2.974276527331199,False,True,False
2026-07-22,261520,80.8,15.81,0.0,False,True,False
2026-07-22,290550,80.7,7.99,0.21141649048626032,False,True,False
2026-07-22,389260,80.6,9.5,3.400416377515625,False,True,False
2026-07-22,002230,79.5,6.74,-2.3421588594704668,False,True,False
2026-07-22,007820,78.8,7.54,0.8547008547008517,False,True,False
2026-07-22,115610,78.1,10.25,4.10256410256411,False,True,False
2026-07-22,448900,77.5,16.78,6.586826347305386,False,True,False
2026-07-23,039980,90.0,29.99,0.0,False,False,False
2026-07-23,018700,90.0,29.93,-3.2068062827225186,False,False,False
2026-07-23,076610,90.0,29.98,2.6583268178264285,False,False,False
2026-07-23,069330,88.7,9.26,-0.25423728813559476,False,False,False
2026-07-23,419080,86.9,17.94,0.0,False,False,False
2026-07-23,060540,86.6,7.99,-0.6722689075630228,False,False,False
2026-07-23,424760,86.3,14.29,1.650943396226423,False,False,False
2026-07-23,098070,86.2,13.96,-2.3423423423423406,False,False,False
2026-07-23,488900,85.9,12.89,-5.2511415525114185,False,False,False
2026-07-23,287840,85.6,15.84,-5.982905982905984,False,False,False
2026-07-23,131760,85.3,12.15,2.0000000000000018,False,False,False
2026-07-23,045660,85.2,8.6,-1.3613861386138626,False,False,False
2026-07-23,041020,84.5,14.68,-2.7552674230145846,False,False,False
2026-07-23,340570,84.4,9.02,-0.8992805755395739,False,False,False
2026-07-23,081180,84.3,13.02,0.0,False,False,False
2026-07-23,240600,84.3,14.6,0.0,False,False,False
2026-07-23,125020,84.2,15.18,-1.3961605584642212,False,False,False
2026-07-23,389260,84.1,15.06,0.12062726176116367,False,False,False
2026-07-23,036000,84.1,6.1,2.876480541455151,False,False,False
2026-07-23,124500,83.8,16.92,-2.9787234042553234,False,False,False
2026-07-24,226330,90.0,29.96,0.5449591280654031,False,False,False
2026-07-24,333430,90.0,29.86,-5.109489051094895,False,False,False
2026-07-24,131760,90.0,30.0,8.974358974358964,False,False,False
2026-07-24,354200,87.2,29.9,-7.350096711798837,False,False,False
2026-07-24,067280,85.0,5.54,0.0,False,False,False
2026-07-24,460930,84.4,22.5,0.940438871473348,False,False,False
2026-07-24,044340,83.6,29.93,11.111111111111116,False,False,False
2026-07-24,032790,82.6,16.02,0.08576329331047017,False,False,False
2026-07-24,052460,79.6,8.8,14.558823529411757,False,False,False
2026-07-24,054540,79.5,11.01,-3.0303030303030276,False,False,False
2026-07-24,095190,78.1,1.64,0.9195402298850519,False,False,False
2026-07-24,065530,78.0,5.32,-0.24855012427505985,False,False,False
2026-07-24,023160,77.9,4.57,0.0,False,False,False
2026-07-24,486990,77.8,6.91,6.218905472636815,False,False,False
2026-07-24,192410,77.1,3.25,-3.263403263403264,False,False,False
2026-07-24,251970,75.9,8.64,1.8181818181818077,False,False,False
2026-07-24,900290,75.8,8.86,2.3255813953488413,False,False,False
2026-07-24,018700,74.3,0.0,4.712041884816753,False,False,False
2026-07-24,078590,73.7,10.7,0.6711409395973256,False,False,False
2026-07-24,053950,73.6,4.68,0.11918951132301459,False,False,False
2026-07-27,900100,90.0,29.9,8.655616942909749,False,False,False
2026-07-27,032685,90.0,29.9,29.923273657288995,False,False,False
2026-07-27,052460,90.0,30.0,1.1312217194570096,False,False,False
2026-07-27,399720,87.8,27.25,-9.23379174852652,False,False,False
2026-07-27,417860,87.1,30.0,1.261034047919285,False,False,False
2026-07-27,199430,86.3,29.96,26.13875262789067,False,False,False
2026-07-27,251970,85.5,10.45,-1.0288065843621408,False,False,False
2026-07-27,098660,85.4,16.67,2.3323615160349753,False,False,False
2026-07-27,299660,85.0,29.94,5.340160936356986,False,False,False
2026-07-27,117670,81.6,14.64,-0.7858546168958758,False,False,False
2026-07-27,402030,81.0,19.65,16.270145817344584,False,False,False
2026-07-27,171090,80.6,8.9,-2.358490566037741,False,False,False
2026-07-27,099190,80.4,9.17,-2.857142857142858,False,False,False
2026-07-27,114450,80.2,5.25,0.0,False,False,False
2026-07-27,463020,79.7,18.36,8.299319727891152,False,False,False
2026-07-27,459550,79.1,14.16,0.0,False,False,False
2026-07-27,172670,78.8,10.22,-4.907306434023995,False,False,False
2026-07-27,484810,78.8,13.51,-9.895833333333337,False,False,False
2026-07-27,246710,78.6,5.56,0.0,False,False,False
2026-07-27,064260,77.9,5.28,-2.0697167755991286,False,False,False
2026-07-28,900100,90.0,29.83,-1.9858156028368823,False,False,False
2026-07-28,208710,90.0,30.0,0.0,False,False,False
2026-07-28,299660,90.0,29.99,17.332583005064706,False,False,False
2026-07-28,247660,90.0,29.97,-4.458598726114649,False,False,False
2026-07-28,235980,90.0,29.85,6.321839080459779,False,False,False
2026-07-28,092600,89.0,30.0,0.0,False,False,False
2026-07-28,463020,88.2,29.93,9.947643979057585,False,False,False
2026-07-28,199430,84.9,23.34,4.034090909090904,False,False,False
2026-07-28,317770,83.3,11.61,0.0,False,False,False
2026-07-28,377480,82.7,19.6,0.0,False,False,False
2026-07-28,368600,82.0,29.91,14.977645305514153,False,False,False
2026-07-28,093190,81.0,1.16,-0.11494252873562871,False,False,False
2026-07-28,108860,79.6,11.91,-0.8869179600886956,False,False,False
2026-07-28,488280,79.5,4.83,-5.484818805093051,False,False,False
2026-07-28,396300,78.8,9.16,9.698558322411532,False,False,False
2026-07-28,363250,78.8,13.59,2.9637760702524663,False,False,False
2026-07-28,066700,77.1,7.21,-1.1600928074245953,False,False,False
2026-07-28,331920,76.0,15.18,0.0,False,False,False
2026-07-28,417860,75.2,8.58,2.7874564459930307,False,False,False
2026-07-28,402030,74.8,3.3,-4.160475482912329,False,False,False
2026-07-29,900300,90.0,29.72,6.172839506172845,False,False,False
2026-07-29,018620,90.0,14.29,0.0,False,False,False
2026-07-29,484810,84.0,24.62,-2.451333813987022,False,False,False
2026-07-29,317770,80.9,6.6,-4.878048780487809,False,False,False
2026-07-29,246710,80.5,7.22,0.1980198019801982,False,False,False
2026-07-29,459510,79.6,18.33,1.6901408450704203,False,False,False
2026-07-29,052460,79.5,21.55,-0.5681818181818232,False,False,False
2026-07-29,291810,78.6,16.6,-5.102880658436215,False,False,False
2026-07-29,448900,78.0,8.77,0.0,False,False,False
2026-07-29,251970,74.4,5.05,-3.9039039039039047,False,False,False
2026-07-29,319400,72.2,12.47,-1.9189765458422214,False,False,False
2026-07-29,058610,71.0,20.29,4.400977995110034,False,False,False
2026-07-29,039830,70.9,11.76,3.7301992846193066,False,False,False
2026-07-29,123330,69.3,6.33,-2.258726899383978,False,False,False
2026-07-29,214450,69.3,4.13,-1.1508951406649648,False,False,False
2026-07-29,368600,68.7,-0.15,4.477611940298498,False,False,False
2026-07-29,474490,68.3,0.24,-0.4854368932038833,False,False,False
2026-07-29,099440,68.1,8.72,-2.4355300859598805,False,False,False
2026-07-29,091970,68.0,4.4,-7.951807228915664,False,False,False
2026-07-29,299660,67.9,0.17,-7.134831460674162,False,False,False
2026-07-30,225430,90.0,30.0,1.8803418803418737,False,False,False
2026-07-30,009620,87.4,17.53,-7.586206896551728,False,False,False
2026-07-30,079950,85.8,21.33,0.0,False,False,False
2026-07-30,236810,85.2,22.79,0.0,False,False,False
2026-07-30,039830,83.1,12.42,-3.6363636363636376,False,False,False
2026-07-30,068930,81.2,9.65,0.0,False,False,False
2026-07-30,054950,79.5,12.44,0.6507592190889477,False,False,False
2026-07-30,246710,79.2,7.33,0.5535055350553542,False,False,False
2026-07-30,094840,78.9,7.14,1.7191977077363862,False,False,False
2026-07-30,079650,74.6,29.98,0.832342449464929,False,False,False
2026-07-30,472850,72.7,6.14,2.530120481927711,False,False,False
2026-07-30,402030,72.7,20.07,-3.7063953488372103,False,False,False
2026-07-30,377450,72.4,14.2,0.0,False,False,False
2026-07-30,365660,71.2,29.85,0.0,False,False,False
2026-07-30,200130,70.6,4.64,-0.47961630695443347,False,False,False
2026-07-30,198440,70.3,15.2,0.08857395925598865,False,False,False
2026-07-30,036030,69.6,2.37,-0.770925110132159,False,False,False
2026-07-30,101400,69.0,7.75,0.9803921568627416,False,False,False
2026-07-30,362320,68.7,2.86,-1.9841269841269882,False,False,False
2026-07-30,091590,66.8,26.32,-2.604166666666663,False,False,False
2026-07-31,309930,90.0,29.92,-1.9945602901178638,False,False,False
2026-07-31,334970,88.5,7.77,0.5184033177812353,False,False,False
2026-07-31,194480,88.3,29.54,7.042253521126751,False,False,False
2026-07-31,219550,86.7,17.3,1.1716057891109521,False,False,False
2026-07-31,200230,86.3,15.8,0.23041474654377225,False,False,False
2026-07-31,094840,85.2,8.17,0.0,False,False,False
2026-07-31,129920,84.7,24.63,-7.984031936127744,False,False,False
2026-07-31,086670,84.2,16.79,-0.6966434452184922,False,False,False
2026-07-31,179530,82.9,12.53,0.0,False,False,False
2026-07-31,143540,82.3,11.31,-0.9680542110358181,False,False,False
2026-07-31,481070,82.2,11.32,-1.5061861215707406,False,False,False
2026-07-31,437730,81.5,15.49,4.3824701195219085,False,False,False
2026-07-31,236200,80.9,13.3,0.7827788649706457,False,False,False
2026-07-31,455900,80.7,5.77,12.903225806451623,False,False,False
2026-07-31,228670,80.4,15.97,0.1996007984031989,False,False,False
2026-07-31,225430,79.5,2.56,-3.2777777777777795,False,False,False
2026-07-31,078340,79.4,6.86,-0.5067567567567544,False,False,False
2026-07-31,044490,79.0,29.79,-2.5500910746812377,False,False,False
2026-07-31,301300,78.9,20.36,0.05491488193301031,False,False,False
2026-07-31,308430,78.8,19.21,-3.3333333333333326,False,False,False
2026-08-03,200350,90.0,29.99,-1.0822510822510845,False,False,False
2026-08-03,054300,90.0,5.93,0.0,False,False,False
2026-08-03,315640,90.0,30.0,15.32207629768605,False,False,False
2026-08-03,079190,88.9,29.93,-2.6450511945392496,False,False,False
2026-08-03,472850,87.3,9.1,-1.1328527291452062,False,False,False
2026-08-03,024950,86.8,7.09,-1.4864864864864824,False,False,False
2026-08-03,228670,86.5,24.75,0.16000000000000458,False,False,False
2026-08-03,457600,86.4,8.08,0.0,False,False,False
2026-08-03,459510,86.1,19.04,-3.4671532846715314,False,False,False
2026-08-03,094970,84.9,14.29,-3.0000000000000027,False,False,False
2026-08-03,067770,84.4,23.32,1.4218009478673022,False,False,False
2026-08-03,052260,82.9,8.36,0.0,False,False,False
2026-08-03,463020,81.2,14.38,15.999999999999993,False,False,False
2026-08-03,484120,80.7,13.54,-1.2582384661473989,False,False,False
2026-08-03,089230,80.6,17.03,0.0,False,False,False
2026-08-03,030530,80.0,29.97,0.0,False,False,False
2026-08-03,301300,79.4,13.95,3.6144578313253017,False,False,False
2026-08-03,323280,78.4,20.8,4.900662251655619,False,False,False
2026-08-03,236810,77.6,12.55,0.7965242577842035,False,False,False
2026-08-03,100120,77.4,10.25,0.0,False,False,False
2026-08-04,419050,90.0,29.96,6.970324361628699,False,True,False
2026-08-04,122350,90.0,30.0,2.163461538461542,False,True,False
2026-08-04,355390,90.0,29.83,2.127659574468077,False,True,False
2026-08-04,051160,89.7,17.34,-0.21574973031284195,False,True,False
2026-08-04,078160,89.5,17.52,0.10141987829614951,False,True,False
2026-08-04,163730,89.4,28.87,1.527494908350313,False,True,False
2026-08-04,340570,88.5,10.05,0.6299212598425141,False,True,False
2026-08-04,014470,88.2,14.29,-1.0000000000000009,False,True,False
2026-08-04,194700,88.1,9.3,-0.20107238605897582,False,True,False
2026-08-04,115180,88.0,27.25,-2.511415525114158,False,True,False
2026-08-04,339950,87.9,4.17,0.33333333333334103,False,True,False
2026-08-04,475830,86.0,19.5,-0.3454231433506094,False,True,False
2026-08-04,174900,85.4,20.73,1.8867924528301883,False,True,False
2026-08-04,263860,85.1,6.42,6.995884773662553,False,True,False
2026-08-04,459550,84.9,19.5,2.9164329781267595,False,True,False
2026-08-04,397030,84.4,6.28,-0.19685039370078705,False,True,False
2026-08-04,049080,84.2,21.89,8.536585365853666,False,True,False
2026-08-04,295310,83.8,16.37,2.417582417582409,False,True,False
2026-08-04,456160,83.3,19.58,-0.8185538881309684,False,True,False
2026-08-04,476830,83.1,18.64,-0.7936507936507908,False,True,False
2026-08-05,264850,90.0,29.82,2.7565084226646164,False,False,False
2026-08-05,431190,90.0,27.41,-6.568144499178985,False,False,False
2026-08-05,148780,90.0,29.93,23.03732303732304,False,False,False
2026-08-05,083470,87.3,6.77,-0.8910891089108919,False,False,False
2026-08-05,155650,86.7,6.93,-0.15797788309637184,False,False,False
2026-08-05,469750,86.4,19.81,-4.1336851363236615,False,False,False
2026-08-05,417180,84.6,2.3,0.0,False,False,False
2026-08-05,027040,83.7,17.93,0.0,False,False,False
2026-08-05,115610,83.3,14.39,3.273980470993676,False,False,False
2026-08-05,059120,81.6,11.68,1.002865329512903,False,False,False
2026-08-05,199820,81.4,11.74,-0.9079118028534339,False,False,False
2026-08-05,037460,81.1,3.92,-1.1173184357541888,False,False,False
2026-08-05,147830,80.8,11.02,-0.8759124087591275,False,False,False
2026-08-05,109080,80.3,8.88,-0.11025358324145973,False,False,False
2026-08-05,226340,80.0,29.86,22.72108843537415,False,False,False
2026-08-05,024840,80.0,29.99,5.115346038114343,False,False,False
2026-08-05,069540,80.0,29.89,0.0,False,False,False
2026-08-05,253840,80.0,5.37,-2.038505096262744,False,False,False
2026-08-05,017510,79.8,15.42,0.0,False,False,False
2026-08-05,382900,79.6,6.86,-1.2954966070326979,False,False,False
2026-08-06,900100,90.0,29.77,-2.7450980392156876,False,False,False
2026-08-06,439090,90.0,8.46,-4.679665738161565,False,False,False
2026-08-06,226340,90.0,29.93,27.748691099476442,False,False,False
2026-08-06,222040,89.4,15.83,0.11111111111110628,False,False,False
2026-08-06,001540,87.2,13.97,0.0,False,False,False
2026-08-06,391710,86.7,10.24,0.0,False,False,False
2026-08-06,204610,86.7,7.26,0.15037593984963404,False,False,False
2026-08-06,049960,86.4,5.46,0.0,False,False,False
2026-08-06,041830,85.8,23.46,-1.8571428571428572,False,False,False
2026-08-06,476060,84.7,22.33,-6.524466750313673,False,False,False
2026-08-06,159010,82.9,15.15,0.0,False,False,False
2026-08-06,127120,82.6,13.44,-0.24937655860348684,False,False,False
2026-08-06,253450,81.3,10.36,-0.8163265306122436,False,False,False
2026-08-06,040160,81.2,15.3,-0.7220216606498187,False,False,False
2026-08-06,194700,81.1,6.99,0.2587322121604174,False,False,False
2026-08-06,145020,80.2,7.31,-1.971326164874554,False,False,False
2026-08-06,092730,79.5,6.7,-0.9302325581395321,False,False,False
2026-08-06,038540,79.4,11.03,5.739514348785879,False,False,False
2026-08-06,036710,79.2,5.46,-0.8391608391608352,False,False,False
2026-08-06,460940,78.8,11.18,0.538599640933568,False,False,False
2026-08-07,900340,90.0,29.93,0.38610038610038533,False,True,False
2026-08-07,042040,90.0,29.85,2.8622540250447193,False,True,False
2026-08-07,162300,90.0,29.96,14.470842332613397,False,True,False
2026-08-07,025900,90.0,30.0,8.312655086848642,False,True,False
2026-08-07,054220,89.9,10.65,0.4405286343612369,False,True,False
2026-08-07,273060,89.7,4.85,-1.7341040462427793,False,True,False
2026-08-07,461300,89.3,8.37,2.722222222222226,False,True,False
2026-08-07,234300,89.3,13.73,-0.16313213703099683,False,True,False
2026-08-07,091580,87.3,11.31,1.1363636363636465,False,True,False
2026-08-07,114190,87.0,15.52,1.8123667377398789,False,True,False
2026-08-07,138080,86.2,18.53,3.201506591337089,False,True,False
2026-08-07,089600,85.8,11.94,0.0,False,True,False
2026-08-07,042600,84.5,9.2,0.0,False,True,False
2026-08-07,041960,84.4,9.04,-0.36057692307692735,False,True,False
2026-08-07,215480,81.8,9.83,1.9138755980861344,False,True,False
2026-08-07,397810,81.7,16.25,2.7559055118110187,False,True,False
2026-08-07,348370,81.6,18.62,-3.420523138832998,False,True,False
2026-08-07,340360,81.6,10.49,-0.29970029970030065,False,True,False
2026-08-07,039980,81.2,9.48,-0.9273570324574987,False,True,False
2026-08-07,318020,81.2,16.59,-1.603206412825653,False,True,False
2026-08-10,021040,90.0,20.04,0.0,False,True,False
2026-08-10,051780,90.0,8.35,0.0,False,True,False
2026-08-10,900340,90.0,29.99,12.376237623762387,False,True,False
2026-08-10,900250,90.0,29.93,-3.311735061195109,False,True,False
2026-08-10,290560,90.0,29.91,2.517985611510798,False,True,False
2026-08-10,076610,90.0,29.93,0.7267441860465018,False,True,False
2026-08-10,317690,90.0,29.88,9.461966604823747,False,True,False
2026-08-10,488900,90.0,29.93,5.263157894736836,False,True,False
2026-08-10,446540,89.3,16.27,0.12836970474967568,False,True,False
2026-08-10,018000,88.9,8.93,-4.700000000000005,False,True,False
2026-08-10,417500,88.9,26.58,0.0,False,True,False
2026-08-10,071200,88.9,12.3,1.1235955056179803,False,True,False
2026-08-10,484120,88.6,17.63,-0.2481389578163795,False,True,False
2026-08-10,092730,88.5,13.95,-1.2448132780082943,False,True,False
2026-08-10,222040,88.3,23.99,0.0,False,True,False
2026-08-10,033790,88.2,20.54,0.0,False,True,False
2026-08-10,234340,88.0,19.25,-1.2048192771084376,False,True,False
2026-08-10,214180,88.0,5.26,0.0,False,True,False
2026-08-10,007820,87.7,13.23,0.0,False,True,False
2026-08-10,119610,87.7,8.03,-0.3289473684210509,False,True,False
2026-08-11,228340,90.0,29.94,0.0,False,True,False
2026-08-11,126730,90.0,29.7,4.0000000000000036,False,True,False
2026-08-11,226340,90.0,30.0,8.560794044665009,False,True,False
2026-08-11,002680,90.0,29.99,30.000000000000004,False,True,False
2026-08-11,101730,90.0,29.88,9.339407744874716,False,True,False
2026-08-11,091590,90.0,29.98,-0.8802816901408494,False,True,False
2026-08-11,331520,89.4,23.56,-0.7194244604316502,False,True,False
2026-08-11,119830,89.1,23.91,-0.15313935681470214,False,True,False
2026-08-11,439090,89.0,10.39,1.463669628855202,False,True,False
2026-08-11,005670,88.8,4.85,0.8670520231213841,False,True,False
2026-08-11,225190,88.6,29.93,18.957345971563978,False,True,False
2026-08-11,053800,88.6,6.61,-1.5503875968992276,False,True,False
2026-08-11,228760,88.4,10.65,-0.40376850605652326,False,True,False
2026-08-11,059100,88.3,6.12,0.16949152542373724,False,True,False
2026-08-11,093320,88.1,9.18,-1.104294478527612,False,True,False
2026-08-11,241690,88.0,6.62,-1.4184397163120588,False,True,False
2026-08-11,382800,87.7,16.56,5.5755395683453335,False,True,False
2026-08-11,096690,86.7,24.34,0.14084507042253502,False,True,False
2026-08-11,290660,86.6,24.07,1.9027484143763207,False,True,False
2026-08-11,363260,85.7,6.72,-0.20000000000000018,False,True,False
2026-08-12,121850,90.0,29.94,5.823418910457101,False,True,False
2026-08-12,091590,90.0,29.93,1.2195121951219523,False,True,False
2026-08-12,900300,90.0,29.8,2.0408163265306145,False,True,False
2026-08-12,007820,90.0,29.93,4.8034934497816595,False,True,False
2026-08-12,204270,89.5,22.93,0.0,False,True,False
2026-08-12,251970,89.4,15.04,-2.2071307300509324,False,True,False
2026-08-12,009730,88.1,10.82,-8.893709327548805,False,True,False
2026-08-12,489460,87.9,8.43,0.32388663967610754,False,True,False
2026-08-12,251120,87.1,6.4,0.0,False,True,False
2026-08-12,035290,86.9,30.0,29.953379953379944,False,True,False
2026-08-12,059090,86.6,11.73,1.1381272633212536,False,True,False
2026-08-12,253590,86.3,8.19,1.8018018018018056,False,True,False
2026-08-12,489500,86.1,12.56,0.21459227467810482,False,True,False
2026-08-12,100120,86.0,7.33,-1.3651877133105783,False,True,False
2026-08-12,079650,86.0,19.85,-2.86624203821656,False,True,False
2026-08-12,453450,85.9,7.98,0.0,False,True,False
2026-08-12,109740,85.8,17.02,0.0,False,True,False
2026-08-12,085910,85.2,16.27,0.6772009029345272,False,True,False
2026-08-12,036810,84.3,14.69,-0.3824091778202643,False,True,False
2026-08-12,351320,84.0,13.33,-0.92592592592593,False,True,False
2026-08-13,097800,90.0,29.92,0.0,False,False,False
2026-08-13,214680,90.0,29.98,5.454545454545445,False,False,False
2026-08-13,193250,90.0,29.75,0.0,False,False,False
2026-08-13,105550,90.0,29.84,9.850746268656717,False,False,False
2026-08-13,388050,90.0,29.89,0.0,False,False,False
2026-08-13,009730,86.3,16.92,-5.380333951762529,False,False,False
2026-08-13,134580,86.0,23.02,0.0,False,False,False
2026-08-13,241790,85.7,6.23,-0.17241379310344307,False,False,False
2026-08-13,125490,85.6,21.28,3.32409972299168,False,False,False
2026-08-13,093190,85.0,10.12,-0.540540540540535,False,False,False
2026-08-13,198940,84.9,5.64,2.704530087897239,False,False,False
2026-08-13,054220,84.4,14.62,0.0,False,False,False
2026-08-13,387570,84.1,11.55,-2.1428571428571463,False,False,False
2026-08-13,060370,83.7,5.57,0.8797653958944274,False,False,False
2026-08-13,419050,83.6,19.2,1.0337323177366686,False,False,False
2026-08-13,050760,82.5,7.95,0.0,False,False,False
2026-08-13,217190,82.4,7.92,2.0477815699658786,False,False,False
2026-08-13,481070,81.6,12.83,-3.944315545243615,False,False,False
2026-08-13,476080,81.4,13.12,-1.5765765765765716,False,False,False
2026-08-13,189860,81.2,7.47,1.8404907975460016,False,False,False
2026-08-14,372170,90.0,29.73,-0.8583690987124415,False,True,False
2026-08-14,459550,90.0,29.98,10.873786407766994,False,True,False
2026-08-14,049630,90.0,29.93,10.299003322259125,False,True,False
2026-08-14,107600,90.0,29.95,9.48905109489051,False,True,False
2026-08-14,361570,89.4,9.12,0.0,False,True,False
2026-08-14,296640,88.5,22.76,2.0408163265306145,False,True,False
2026-08-14,017650,88.2,5.49,0.19267822736031004,False,True,False
2026-08-14,048910,88.1,10.08,0.538599640933568,False,True,False
2026-08-14,011560,87.6,9.86,0.8350730688935215,False,True,False
2026-08-14,035460,87.4,8.02,0.78125,False,True,False
2026-08-14,137080,87.3,7.45,0.15408320493066618,False,True,False
2026-08-14,264450,87.3,9.82,0.1769911504424737,False,True,False
2026-08-14,199550,87.0,16.01,1.7921146953405076,False,True,False
2026-08-14,024950,87.0,4.89,13.752913752913742,False,True,False
2026-08-14,065680,86.7,9.27,-0.19723865877712132,False,True,False
2026-08-14,448900,86.2,15.24,-3.9944903581267233,False,True,False
2026-08-14,419080,86.1,10.34,1.5625,False,True,False
2026-08-14,018000,85.8,15.47,-4.0000000000000036,False,True,False
2026-08-14,061970,85.6,14.94,0.10741138560688146,False,True,False
2026-08-14,009780,85.5,12.21,-1.7906336088154284,False,True,False
2026-08-18,079190,90.0,29.94,-7.6805696846388605,False,True,False
2026-08-18,098120,90.0,29.9,-6.481481481481477,False,True,False
2026-08-18,018620,90.0,12.7,0.0,False,True,False
2026-08-18,271830,90.0,29.96,9.1317365269461,False,True,False
2026-08-18,019010,90.0,29.82,-3.063063063063065,False,True,False
2026-08-18,351870,90.0,29.98,0.42553191489360653,False,True,False
2026-08-18,047770,89.4,30.0,15.242165242165239,False,True,False
2026-08-18,255440,88.6,21.81,-3.4157832744405203,False,True,False
2026-08-18,064290,86.8,17.31,-3.4482758620689613,False,True,False
2026-08-18,310870,86.5,5.62,0.0,False,True,False
2026-08-18,067170,86.2,15.79,-4.1666666666666625,False,True,False
2026-08-18,036200,85.8,11.3,-4.5128205128205146,False,True,False
2026-08-18,039020,84.9,8.18,1.2027491408934665,False,True,False
2026-08-18,061970,84.7,18.15,-2.0000000000000018,False,True,False
2026-08-18,045660,84.6,7.69,0.0,False,True,False
2026-08-18,074430,84.1,7.49,0.24590163934425924,False,True,False
2026-08-18,179530,84.0,19.05,0.0,False,True,False
2026-08-18,115480,83.5,15.2,0.0,False,True,False
2026-08-18,106190,83.0,11.57,0.0,False,True,False
2026-08-18,296640,82.3,10.2,9.876543209876543,False,True,False
2026-08-19,090150,90.0,30.0,6.5088757396449815,False,False,False
2026-08-19,064550,90.0,29.99,18.82480957562569,False,False,False
2026-08-19,126640,90.0,29.79,2.4163568773234223,False,False,False
2026-08-19,275630,89.2,12.45,-1.9813519813519864,False,False,False
2026-08-19,067010,89.0,11.5,0.42105263157894424,False,False,False
2026-08-19,098120,87.2,9.66,-1.8094089264173663,False,False,False
2026-08-19,054300,86.7,6.21,-1.8901890189018888,False,False,False
2026-08-19,064800,86.3,16.95,-2.0183486238532056,False,False,False
2026-08-19,121440,84.7,13.33,-0.12515644555695093,False,False,False
2026-08-19,094940,84.4,15.97,-3.6036036036036,False,False,False
2026-08-19,038680,84.1,13.83,-1.2850467289719614,False,False,False
2026-08-19,328380,84.0,6.57,0.0,False,False,False
2026-08-19,101730,83.3,17.58,3.011422637590866,False,False,False
2026-08-19,082800,82.4,18.36,0.6024096385542244,False,False,False
2026-08-19,025980,82.1,18.89,-4.112149532710285,False,False,False
2026-08-19,330350,80.7,5.48,0.3802281368821214,False,False,False
2026-08-19,206400,80.6,1.31,0.0,False,False,False
2026-08-19,321370,80.4,18.75,0.12836970474967568,False,False,False
2026-08-19,045390,80.1,10.61,-2.5487256371814038,False,False,False
2026-08-19,036630,79.9,7.8,0.0,False,False,False
2026-08-20,049470,90.0,29.82,21.287128712871283,False,False,False
2026-08-20,227950,90.0,29.98,1.194805194805193,False,False,False
2026-08-20,050120,87.7,6.15,-2.0215633423180557,False,False,False
2026-08-20,121890,87.6,12.29,0.0,False,False,False
2026-08-20,036000,87.1,8.09,0.0,False,False,False
2026-08-20,228850,87.1,17.51,-3.5816618911174825,False,False,False
2026-08-20,462860,87.1,26.05,3.3402922755741082,False,False,False
2026-08-20,052860,86.6,10.0,0.0,False,False,False
2026-08-20,045660,85.7,5.98,-0.2053388090349051,False,False,False
2026-08-20,124500,84.3,22.7,6.858054226475274,False,False,False
2026-08-20,069330,83.4,6.63,4.684684684684681,False,False,False
2026-08-20,475230,83.3,17.74,-0.31612223393044925,False,False,False
2026-08-20,138610,80.6,19.82,-5.235602094240843,False,False,False
2026-08-20,053300,80.4,8.98,0.0,False,False,False
2026-08-20,950200,80.0,29.98,1.866666666666661,False,False,False
2026-08-20,095700,79.6,20.97,1.8333333333333313,False,False,False
2026-08-20,476830,79.2,16.61,-3.663500678426057,False,False,False
2026-08-20,070300,79.0,9.89,1.4999999999999902,False,False,False
2026-08-20,143160,78.0,5.02,-0.7960808328230207,False,False,False
2026-08-20,156100,77.8,9.13,0.22909507445589838,False,False,False
2026-08-21,950220,90.0,29.84,24.56140350877194,False,False,False
2026-08-21,290560,90.0,29.96,13.72980910425845,False,False,False
2026-08-21,302430,90.0,29.88,6.015037593984962,False,False,False
2026-08-21,228850,89.6,10.32,0.0,False,False,False
2026-08-21,330350,88.3,10.32,-0.22547914317925244,False,False,False
2026-08-21,032680,88.1,8.09,-0.29940119760478723,False,False,False
2026-08-21,294570,85.7,23.17,-2.7932960893854775,False,False,False
2026-08-21,216080,84.5,16.71,0.0,False,False,False
2026-08-21,060480,84.5,9.85,0.0,False,False,False
2026-08-21,096350,83.5,19.11,-0.46511627906976605,False,False,False
2026-08-21,094480,80.7,12.61,1.9480519480519431,False,False,False
2026-08-21,307180,79.9,5.63,-0.8333333333333304,False,False,False
2026-08-21,067770,79.4,4.42,-0.19230769230769162,False,False,False
2026-08-21,043590,79.3,1.53,0.0,False,False,False
2026-08-21,049470,79.1,15.59,4.4967880085653,False,False,False
2026-08-21,095700,79.0,10.83,0.0,False,False,False
2026-08-21,432470,78.5,9.39,3.0042918454935563,False,False,False
2026-08-21,199550,77.5,14.98,0.0,False,False,False
2026-08-21,462860,77.3,5.85,4.142011834319526,False,False,False
2026-08-21,950200,75.9,8.13,2.3427866831072786,False,False,False
2026-08-24,351320,90.0,29.95,7.174603174603167,False,False,False
2026-08-24,299660,90.0,29.98,7.877461706783362,False,False,False
2026-08-24,036830,88.9,17.52,-3.58744394618834,False,False,False
2026-08-24,402030,87.1,18.43,-6.490233144297419,False,False,False
2026-08-24,069330,86.1,5.0,-2.7187765505522488,False,False,False
2026-08-24,042600,83.3,11.13,0.9852216748768461,False,False,False
2026-08-24,142280,83.1,21.07,-1.5822784810126556,False,False,False
2026-08-24,253840,82.2,23.06,-7.7639751552795015,False,False,False
2026-08-24,029480,81.1,12.46,-0.18891687657430767,False,False,False
2026-08-24,134580,80.8,18.26,2.5134649910233398,False,False,False
2026-08-24,124500,80.3,16.44,3.562005277044844,False,False,False
2026-08-24,229000,80.0,7.99,-4.340836012861738,False,False,False
2026-08-24,208860,79.9,9.87,0.0,False,False,False
2026-08-24,057680,78.3,14.02,0.5172413793103514,False,False,False
2026-08-24,304100,78.3,14.51,-7.386363636363635,False,False,False
2026-08-24,900290,77.7,16.42,0.0,False,False,False
2026-08-24,405100,77.4,14.78,0.0,False,False,False
2026-08-24,195940,77.0,7.68,-1.3590033975084959,False,False,False
2026-08-24,201490,76.6,9.83,1.3916500994035852,False,False,False
2026-08-24,060250,76.6,8.39,-1.1060507482107962,False,False,False
2026-08-25,215600,90.0,29.82,5.236486486486491,False,True,False
2026-08-25,351870,90.0,29.9,1.2891344383057168,False,True,False
2026-08-25,036810,89.0,20.8,-0.366300366300365,False,True,False
2026-08-25,232140,88.8,19.02,-0.8547008547008517,False,True,False
2026-08-25,225570,88.5,15.39,-1.9589552238805985,False,True,False
2026-08-25,302430,88.2,22.03,0.5194805194805197,False,True,False
2026-08-25,091120,87.7,9.32,0.0,False,True,False
2026-08-25,080580,86.2,19.98,-1.134020618556697,False,True,False
2026-08-25,265740,86.1,10.69,-1.6551724137931045,False,True,False
2026-08-25,417010,85.5,22.33,3.125,False,True,False
2026-08-25,049470,84.3,30.0,7.3345259391770945,False,True,False
2026-08-25,019990,83.7,8.97,0.0,False,True,False
2026-08-25,900300,83.2,15.95,-2.420382165605095,False,True,False
2026-08-25,123330,82.4,12.78,-0.9316770186335366,False,True,False
2026-08-25,114190,82.2,8.68,-1.9417475728155331,False,True,False
2026-08-25,067770,82.0,9.15,-2.5500910746812377,False,True,False
2026-08-25,033310,82.0,12.28,0.0,False,True,False
2026-08-25,420570,81.4,6.51,0.815494393476035,False,True,False
2026-08-25,118990,81.1,9.03,0.4966887417218624,False,True,False
2026-08-26,153490,90.0,29.76,0.0,False,False,False
2026-08-26,389680,90.0,30.0,0.7396449704142105,False,False,False
2026-08-26,900270,90.0,29.85,21.01551480959096,False,False,False
2026-08-26,148150,89.7,8.63,0.0,False,False,False
2026-08-26,289010,88.8,13.24,-0.1982160555004997,False,False,False
2026-08-26,247660,85.5,21.43,-1.0043041606886627,False,False,False
2026-08-26,044490,85.4,6.66,-2.5875190258751957,False,False,False
2026-08-26,018000,85.3,5.92,0.19267822736031004,False,False,False
2026-08-26,290740,84.6,15.24,1.777777777777767,False,False,False
2026-08-26,023160,84.0,9.17,-2.6639344262295084,False,False,False
2026-08-26,086670,84.0,7.04,0.0,False,False,False
2026-08-26,014620,83.8,13.55,-2.352941176470591,False,False,False
2026-08-26,355150,83.1,11.75,0.0,False,False,False
2026-08-26,232140,82.6,4.44,1.55482815057284,False,False,False
2026-08-26,413390,82.1,4.63,0.26041666666667407,False,False,False
2026-08-26,113810,81.9,11.89,1.7421602787456525,False,False,False
2026-08-26,224060,81.1,15.91,8.597285067873294,False,False,False
2026-08-26,123330,80.5,7.45,0.43352601156070314,False,False,False
2026-08-26,225590,80.4,10.45,0.15015015015014122,False,False,False
2026-08-26,351320,80.1,18.61,4.431991849210393,False,False,False
2026-08-27,389680,90.0,29.96,15.253272623790547,False,True,False
2026-08-27,331920,90.0,29.95,0.5509641873278293,False,True,False
2026-08-27,300120,90.0,29.91,9.532374100719432,False,True,False
2026-08-27,033790,90.0,9.92,0.0,False,True,False
2026-08-27,243840,88.4,17.57,-2.791461412151064,False,True,False
2026-08-27,107640,88.2,16.36,-2.0782396088019572,False,True,False
2026-08-27,441270,87.5,17.44,0.990099009900991,False,True,False
2026-08-27,278280,85.9,12.4,0.0,False,True,False
2026-08-27,416180,85.3,10.02,-0.5940594059405946,False,True,False
2026-08-27,033100,85.2,4.7,-2.39520958083832,False,True,False
2026-08-27,290740,84.6,11.89,0.794438927507457,False,True,False
2026-08-27,091580,84.6,10.32,-1.3363028953229383,False,True,False
2026-08-27,378340,84.3,5.76,0.0,False,True,False
2026-08-27,032790,84.3,11.09,0.0,False,True,False
2026-08-27,065680,84.2,12.37,-0.5597014925373123,False,True,False
2026-08-27,229000,84.1,14.09,-2.9055690072639195,False,True,False
2026-08-27,069920,83.2,20.28,-0.8920606601248937,False,True,False
2026-08-27,432470,82.3,18.2,0.673724735322434,False,True,False
2026-08-27,079810,81.6,6.55,-1.3966480446927387,False,True,False
2026-08-27,049080,81.2,18.92,-2.2727272727272707,False,True,False
2026-08-28,443670,90.0,29.9,6.481481481481488,False,True,False
2026-08-28,221800,90.0,29.77,6.741573033707859,False,True,False
2026-08-28,307870,89.2,22.0,0.0,False,True,False
2026-08-28,086450,88.4,15.34,0.9302325581395321,False,True,False
2026-08-28,171090,88.1,4.83,-2.2346368715083775,False,True,False
2026-08-28,092730,88.0,7.87,0.0,False,True,False
2026-08-28,122350,87.8,7.65,-0.12048192771084709,False,True,False
2026-08-28,950140,87.6,8.25,1.436464088397793,False,True,False
2026-08-28,294570,86.5,23.85,-2.588996763754048,False,True,False
2026-08-28,254120,86.4,10.06,0.0,False,True,False
2026-08-28,204620,86.3,15.28,-2.8523489932885893,False,True,False
2026-08-28,017890,86.2,3.65,-0.8807588075880779,False,True,False
2026-08-28,950190,86.1,13.1,2.1052631578947434,False,True,False
2026-08-28,331920,85.7,18.92,0.0,False,True,False
2026-08-28,096530,85.6,11.76,-1.4025245441795287,False,True,False
2026-08-28,011560,85.3,13.49,-0.37735849056603765,False,True,False
2026-08-28,114840,84.5,7.1,1.0204081632652962,False,True,False
2026-08-28,035600,84.5,5.87,-0.1879699248120259,False,True,False
2026-08-28,034940,84.2,20.97,-4.179566563467496,False,True,False
2026-08-28,065170,84.1,14.0,-4.109589041095896,False,True,False
2026-08-31,387690,94.0,14.2,-1.0302197802197766,False,True,False
2026-08-31,054940,90.0,30.0,9.790209790209792,False,True,False
2026-08-31,223310,90.0,30.0,2.4725274725274637,False,True,False
2026-08-31,225190,90.0,29.99,14.752475247524742,False,True,False
2026-08-31,198440,90.0,29.94,15.207373271889391,False,True,False
2026-08-31,042600,89.9,7.76,-0.2161383285302576,False,True,False
2026-08-31,033790,89.3,16.3,1.6560509554140124,False,True,False
2026-08-31,052420,89.0,8.27,2.2346368715083775,False,True,False
2026-08-31,213420,88.4,6.37,0.14598540145984717,False,True,False
2026-08-31,476060,86.9,22.07,-3.3277870216306127,False,True,False
2026-08-31,317330,86.8,23.34,-1.9216555801921609,False,True,False
2026-08-31,177350,86.8,14.71,-2.564102564102566,False,True,False
2026-08-31,241790,86.2,6.37,1.331114808652245,False,True,False
2026-08-31,032940,86.0,19.4,1.2499999999999956,False,True,False
2026-08-31,083470,85.8,10.12,0.0,False,True,False
2026-08-31,303360,85.2,7.55,0.0,False,True,False
2026-08-31,059100,84.5,6.92,0.15408320493066618,False,True,False
2026-08-31,052860,84.0,9.53,0.0,False,True,False
2026-08-31,950190,83.8,5.89,-0.5964214711729587,False,True,False
2026-08-31,086450,83.6,3.49,1.348314606741563,False,True,False
2026-09-01,320000,90.0,29.94,-4.347826086956519,False,True,False
2026-09-01,900100,90.0,29.91,-4.893617021276597,False,True,False
2026-09-01,234300,89.9,9.09,-1.8333333333333313,False,True,False
2026-09-01,047080,89.4,11.14,-0.18066847335139746,False,True,False
2026-09-01,323990,88.1,26.59,-6.015779092702167,False,True,False
2026-09-01,177350,88.0,4.1,-1.2315270935960632,False,True,False
2026-09-01,277880,87.7,4.86,-0.5298013245033095,False,True,False
2026-09-01,064550,87.7,25.14,-6.090909090909092,False,True,False
2026-09-01,045390,87.4,15.28,-1.4104372355430161,False,True,False
2026-09-01,403850,87.1,16.64,1.097293343087058,False,True,False
2026-09-01,396300,86.1,13.79,-2.8846153846153855,False,True,False
2026-09-01,067080,86.0,4.84,6.571936056838368,False,True,False
2026-09-01,051370,85.8,9.74,-1.6272189349112454,False,True,False
2026-09-01,211050,85.6,5.21,0.0,False,True,False
2026-09-01,023770,85.6,11.64,-1.158301158301156,False,True,False
2026-09-01,307870,84.6,6.79,0.0,False,True,False
2026-09-01,067290,84.4,30.0,12.541806020066893,False,True,False
2026-09-01,179900,84.3,17.1,-19.243986254295532,False,True,False
2026-09-01,042940,84.2,5.66,0.0,False,True,False
2026-09-01,198440,84.1,22.98,-5.152224824355967,False,True,False
2026-09-02,053950,90.0,29.77,6.334841628959276,False,False,False
2026-09-02,043360,90.0,29.89,0.865051903114189,False,False,False
2026-09-02,234300,88.4,7.33,-1.2422360248447228,False,False,False
2026-09-02,092870,88.2,11.69,1.1272141706924366,False,False,False
2026-09-02,024850,86.8,13.61,0.3824091778202643,False,False,False
2026-09-02,417840,85.6,6.52,1.7298735861610126,False,False,False
2026-09-02,216080,85.3,21.65,-2.750809061488668,False,False,False
2026-09-02,091590,85.2,20.93,2.7397260273972712,False,False,False
2026-09-02,060480,84.7,8.15,0.0,False,False,False
2026-09-02,079950,84.7,20.29,-0.07993605115906854,False,False,False
2026-09-02,396300,84.2,10.0,0.0,False,False,False
2026-09-02,159010,83.6,12.62,-0.8298755186721962,False,False,False
2026-09-02,026040,83.2,17.53,0.7648183556405286,False,False,False
2026-09-02,204840,83.1,5.21,0.0,False,False,False
2026-09-02,443670,83.0,13.87,4.7126436781609105,False,False,False
2026-09-02,253590,82.9,7.44,1.6450216450216493,False,False,False
2026-09-02,412350,81.9,5.11,0.5170630816959676,False,False,False
2026-09-02,228340,81.5,29.93,9.90990990990992,False,False,False
2026-09-02,054300,81.4,6.87,2.55281690140845,False,False,False
2026-09-02,044490,81.3,11.69,-1.2080536912751683,False,False,False
2026-09-03,162300,90.0,29.86,5.2256532066508266,False,False,False
2026-09-03,061250,87.6,4.79,0.10881392818280489,False,False,False
2026-09-03,459550,87.4,29.86,7.976653696498048,False,False,False
2026-09-03,424980,84.4,7.7,0.0,False,False,False
2026-09-03,032940,83.5,18.84,2.0979020979021046,False,False,False
2026-09-03,144510,83.0,7.74,-0.47425474254743083,False,False,False
2026-09-03,441270,82.8,18.81,4.121475054229928,False,False,False
2026-09-03,412350,82.7,9.62,0.5660377358490676,False,False,False
2026-09-03,300120,81.7,29.84,13.354037267080754,False,False,False
2026-09-03,095700,81.7,15.81,0.9202453987730008,False,False,False
2026-09-03,484120,81.4,12.27,-2.6252983293556076,False,False,False
2026-09-03,234690,81.3,16.47,2.3255813953488413,False,False,False
2026-09-03,053260,80.2,17.68,-2.1909233176838794,False,False,False
2026-09-03,054220,79.8,7.97,2.2023809523809446,False,False,False
2026-09-03,051160,79.6,8.23,0.9127789046653234,False,False,False
2026-09-03,238490,79.0,8.37,1.980198019801982,False,False,False
2026-09-03,035200,78.4,7.08,0.0,False,False,False
2026-09-03,023790,78.4,13.36,-2.618883528600968,False,False,False
2026-09-03,059120,77.6,12.18,2.460202604920414,False,False,False
2026-09-03,024800,76.8,4.24,0.0,False,False,False
2026-09-04,101000,89.8,29.93,15.630712979890315,False,False,False
2026-09-04,452430,88.9,13.45,-0.5714285714285672,False,False,False
2026-09-04,051160,88.8,10.14,-0.8287292817679592,False,False,False
2026-09-04,275630,88.7,12.18,0.6578947368421018,False,False,False
2026-09-04,064290,88.2,16.72,0.49813200498132204,False,False,False
2026-09-04,310870,87.9,15.02,0.0,False,False,False
2026-09-04,048770,86.9,30.0,13.871374527112224,False,False,False
2026-09-04,071280,86.7,13.85,0.2673796791443861,False,False,False
2026-09-04,295310,86.5,15.22,0.7223942208462342,False,False,False
2026-09-04,049430,86.1,6.4,0.0,False,False,False
2026-09-04,115180,85.5,17.3,-1.5184381778741818,False,False,False
2026-09-04,354320,85.4,20.07,0.1547987616099089,False,False,False
2026-09-04,405100,84.9,9.66,0.2865329512893977,False,False,False
2026-09-04,452450,84.4,9.86,0.2600780234070177,False,False,False
2026-09-04,187660,83.2,14.71,2.564102564102555,False,False,False
2026-09-04,474650,83.1,14.41,1.5748031496062964,False,False,False
2026-09-04,291810,82.8,16.17,-0.12484394506866447,False,False,False
2026-09-04,263750,82.6,11.47,0.14492753623187582,False,False,False
2026-09-04,199430,81.8,16.08,-2.015113350125941,False,False,False
2026-09-04,039010,81.0,5.17,0.0,False,False,False
2026-09-07,224060,90.0,29.97,29.933481152993345,False,True,False
2026-09-07,161580,90.0,29.84,15.223880597014915,False,True,False
2026-09-07,212560,90.0,29.98,4.882154882154888,False,True,False
2026-09-07,109670,89.8,26.35,3.3138401559454245,False,True,False
2026-09-07,304360,89.3,15.28,0.2277904328018332,False,True,False
2026-09-07,130580,88.3,7.69,0.16611295681063787,False,True,False
2026-09-07,261780,88.0,10.06,-0.8620689655172376,False,True,False
2026-09-07,417500,87.7,16.36,-0.24242424242424399,False,True,False
2026-09-07,050760,86.4,6.85,-0.38610038610038533,False,True,False
2026-09-07,354320,85.7,16.25,1.1984021304926706,False,True,False
2026-09-07,089010,84.2,7.42,4.9676025917926525,False,True,False
2026-09-07,156100,84.2,20.05,-3.7328094302554016,False,True,False
2026-09-07,204840,83.6,8.11,3.839441535776622,False,True,False
2026-09-07,032790,83.4,17.56,-2.7877055039313814,False,True,False
2026-09-07,160190,83.3,13.66,0.0,False,True,False
2026-09-07,262260,83.2,9.47,0.0,False,True,False
2026-09-07,340810,82.9,5.13,0.0,False,True,False
2026-09-07,190510,82.6,18.73,-1.3956310679611672,False,True,False
2026-09-07,024740,82.1,10.44,0.0,False,True,False
2026-09-07,452450,82.0,8.84,0.35842293906809264,False,True,False
2026-09-08,950250,90.0,29.96,10.945273631840791,False,False,False
2026-09-08,046120,90.0,29.83,7.603305785123959,False,False,False
2026-09-08,189860,90.0,29.8,1.7391304347825987,False,False,False
2026-09-08,215090,86.4,10.15,2.564102564102555,False,False,False
2026-09-08,261780,86.2,15.52,0.14925373134329067,False,False,False
2026-09-08,241770,86.2,12.48,-1.8890200708382543,False,False,False
2026-09-08,389030,85.1,16.76,-0.24752475247524774,False,False,False
2026-09-08,212560,84.7,8.16,0.0,False,False,False
2026-09-08,178780,84.1,5.93,0.0,False,False,False
2026-09-08,475040,83.3,19.22,1.4925373134328401,False,False,False
2026-09-08,029480,83.3,5.02,0.06455777921239303,False,False,False
2026-09-08,039010,82.7,4.55,0.0,False,False,False
2026-09-08,021320,82.0,5.14,0.3372681281618828,False,False,False
2026-09-08,109670,82.0,12.87,0.0,False,False,False
2026-09-08,060480,81.6,8.2,1.864512119328765,False,False,False
2026-09-08,162300,81.5,16.24,1.4170040485830038,False,False,False
2026-09-08,173130,81.5,4.64,0.0,False,False,False
2026-09-08,457550,80.6,6.85,1.3231197771587766,False,False,False
2026-09-08,417030,80.1,7.73,0.2989536621823552,False,False,False
2026-09-08,069540,80.0,30.0,3.0219780219780112,False,False,False
2026-09-09,100590,90.0,30.0,9.070034443168762,False,False,True
2026-09-09,046970,90.0,29.84,1.3698630136986356,False,False,True
2026-09-09,036630,89.7,13.45,0.0,False,False,True
2026-09-09,488280,88.3,7.91,3.809523809523818,False,False,True
2026-09-09,059090,86.6,9.67,2.822580645161299,False,False,True
2026-09-09,488900,86.3,5.56,-0.994035785288272,False,False,True
2026-09-09,099440,85.4,10.82,0.0,False,False,True
2026-09-09,340450,85.1,9.45,0.0,False,False,True
2026-09-09,439580,84.7,11.88,0.0,False,False,True
2026-09-09,089890,84.6,11.78,-1.1928429423459286,False,False,True
2026-09-09,012210,84.4,29.91,0.9976976208748933,False,False,True
2026-09-09,138080,84.3,13.74,-0.8333333333333304,False,False,True
2026-09-09,053260,84.1,19.97,-1.5018773466833557,False,False,True
2026-09-09,323350,83.8,10.47,-0.8505467800729027,False,False,True
2026-09-09,446540,83.0,8.21,0.0,False,False,True
2026-09-09,452190,82.7,11.11,-1.3000000000000012,False,False,True
2026-09-09,300080,82.6,4.41,2.813852813852824,False,False,True
2026-09-09,172670,82.5,8.38,1.4558689717925288,False,False,True
2026-09-09,048410,82.5,13.9,0.0,False,False,True
2026-09-09,121600,81.9,7.68,-1.7068273092369468,False,False,True
2026-09-10,217820,90.0,29.98,9.829867674858228,False,True,False
2026-09-10,348210,90.0,8.85,-4.499274310595069,False,True,False
2026-09-10,437730,90.0,13.68,1.1642949547218562,False,True,False
2026-09-10,117670,90.0,29.98,12.440191387559807,False,True,False
2026-09-10,224060,90.0,29.96,28.91809908998988,False,True,False
2026-09-10,060570,89.3,28.78,-2.7551020408163263,False,True,False
2026-09-10,166090,88.7,5.57,-5.454545454545457,False,True,False
2026-09-10,488280,88.7,11.9,21.53191489361703,False,True,False
2026-09-10,025900,88.5,6.49,-4.0207522697795035,False,True,False
2026-09-10,323280,88.1,4.62,-4.513540621865597,False,True,False
2026-09-10,101490,88.1,7.14,-3.9080459770114984,False,True,False
2026-09-10,300080,87.6,10.39,-2.941176470588236,False,True,False
2026-09-10,950250,86.2,17.87,-4.371584699453557,False,True,False
2026-09-10,475040,86.1,14.59,-2.099737532808399,False,True,False
2026-09-10,183300,85.5,4.89,-5.699481865284972,False,True,False
2026-09-10,083790,85.3,3.52,0.0,False,True,False
2026-09-10,073010,85.0,20.07,-0.4477611940298498,False,True,False
2026-09-10,078340,84.4,11.7,-2.4390243902439046,False,True,False
2026-09-10,425420,83.1,10.3,-1.018675721561968,False,True,False
2026-09-10,432720,83.0,12.37,-2.5793650793650813,False,True,False
2026-09-11,065170,90.0,29.83,1.1029411764705843,False,True,False
2026-09-11,140430,90.0,29.91,29.805615550755938,False,True,False
2026-09-11,411080,90.0,29.8,7.2595281306715,False,True,False
2026-09-11,092600,90.0,29.8,9.936575052854124,False,True,False
2026-09-11,443670,90.0,29.99,7.724867724867734,False,True,False
2026-09-11,117670,90.0,29.95,9.941089837997064,False,True,False
2026-09-11,052710,90.0,29.98,0.793126239259756,False,True,False
2026-09-11,459510,89.2,15.94,-5.72390572390572,False,True,False
2026-09-11,317770,89.1,12.42,-4.307116104868913,False,True,False
2026-09-11,149950,88.0,14.02,-1.4520813165537216,False,True,False
2026-09-11,431190,87.7,19.62,-0.1312335958005284,False,True,False
2026-09-11,079190,87.1,23.47,0.0,False,True,False
2026-09-11,067390,86.7,8.06,-0.31746031746031633,False,True,False
2026-09-11,469610,86.6,5.71,-3.059388122375528,False,True,False
2026-09-11,309930,86.2,7.77,-1.9230769230769273,False,True,False
2026-09-11,252990,86.2,13.12,-1.0139416983523497,False,True,False
2026-09-11,067920,86.2,4.83,2.8368794326241176,False,True,False
2026-09-11,203650,86.2,23.29,4.770992366412208,False,True,False
2026-09-11,488280,86.1,26.38,11.649831649831643,False,True,False
2026-09-11,475230,84.6,8.98,0.0,False,True,False
2026-09-14,101730,90.0,29.84,3.653846153846163,False,True,False
2026-09-14,140430,90.0,29.81,13.144758735440941,False,True,False
2026-09-14,321820,90.0,29.94,1.0339734121122657,False,True,False
2026-09-14,109080,88.8,5.43,0.0,False,True,False
2026-09-14,456010,87.8,5.81,2.637362637362628,False,True,False
2026-09-14,184230,87.4,20.37,4.121475054229928,False,True,False
2026-09-14,360350,87.2,14.18,0.0,False,True,False
2026-09-14,344860,87.1,11.65,-0.9907529722589126,False,True,False
2026-09-14,173130,86.7,12.56,-1.1299435028248594,False,True,False
2026-09-14,033170,86.2,10.93,0.3016591251885359,False,True,False
2026-09-14,411080,85.9,25.23,8.695652173913038,False,True,False
2026-09-14,005160,85.5,23.03,-0.9600000000000053,False,True,False
2026-09-14,200350,85.3,23.32,-1.2727272727272698,False,True,False
2026-09-14,383930,84.9,10.07,0.7527504342790925,False,True,False
2026-09-14,056360,84.7,8.33,2.3931623931623847,False,True,False
2026-09-14,042510,84.3,20.47,4.424778761061954,False,True,False
2026-09-14,201490,84.3,13.5,-1.9292604501607746,False,True,False
2026-09-14,256840,84.2,13.73,0.0,False,True,False
2026-09-14,216080,83.8,8.86,0.0,False,True,False
2026-09-14,112040,83.0,6.07,-3.1325301204819245,False,True,False
2026-09-15,014950,92.9,26.11,-3.4217279726261762,False,True,False
2026-09-15,354200,90.0,29.94,7.034566403881137,False,True,False
2026-09-15,158430,90.0,29.84,1.267828843106189,False,True,False
2026-09-15,232830,90.0,29.78,29.850746268656714,False,True,False
2026-09-15,062970,90.0,29.98,6.25,False,True,False
2026-09-15,054920,90.0,29.78,9.94263862332696,False,True,False
2026-09-15,437730,89.3,29.8,-2.6565464895635715,False,True,False
2026-09-15,056190,88.0,15.43,-1.388888888888884,False,True,False
2026-09-15,061250,86.7,13.74,0.3236245954692629,False,True,False
2026-09-15,391710,86.5,24.75,-5.659121171770975,False,True,False
2026-09-15,199430,85.8,17.75,-2.9126213592232997,False,True,False
2026-09-15,474650,85.6,13.21,0.17421602787457413,False,True,False
2026-09-15,160190,84.3,24.69,-3.8000000000000034,False,True,False
2026-09-15,071200,83.6,14.5,-3.474903474903479,False,True,False
2026-09-15,114630,83.3,9.49,-2.811950790861162,False,True,False
2026-09-15,448900,82.9,12.17,-1.2987012987012991,False,True,False
2026-09-15,417200,82.6,8.64,2.049180327868849,False,True,False
2026-09-15,042510,82.3,14.69,-3.472222222222221,False,True,False
2026-09-15,278650,79.8,14.04,3.076923076923066,False,True,False
2026-09-15,413630,78.7,11.52,-0.4444444444444473,False,True,False
2026-09-16,406820,90.0,29.86,0.0,False,True,False
2026-09-16,049080,90.0,29.91,7.552320291173786,False,True,False
2026-09-16,088800,90.0,29.97,15.918367346938766,False,True,False
2026-09-16,232830,90.0,29.85,9.051724137931028,False,True,False
2026-09-16,348080,90.0,30.0,19.973009446693666,False,True,False
2026-09-16,432980,90.0,29.96,4.610492845786962,False,True,False
2026-09-16,371950,88.4,21.91,2.853067047075597,False,True,False
2026-09-16,219130,88.1,15.08,-4.01069518716578,False,True,False
2026-09-16,073540,88.1,5.91,1.1538461538461497,False,True,False
2026-09-16,439580,87.4,14.54,0.7692307692307665,False,True,False
2026-09-16,468530,86.9,13.61,-1.8433179723502335,False,True,False
2026-09-16,357580,86.9,26.03,4.347826086956519,False,True,False
2026-09-16,340450,86.7,11.06,-0.5943536404160454,False,True,False
2026-09-16,452280,86.6,21.61,2.923076923076917,False,True,False
2026-09-16,089790,86.4,7.17,0.0,False,True,False
2026-09-16,126340,86.3,15.34,5.053191489361697,False,True,False
2026-09-16,457370,86.2,19.24,-0.30832476875641834,False,True,False
2026-09-16,321370,85.3,19.1,-0.14316392269148048,False,True,False
2026-09-16,032500,85.0,12.01,2.388888888888885,False,True,False
2026-09-16,039560,84.7,11.83,0.0,False,True,False
2026-09-17,457370,90.0,29.91,-4.113924050632911,False,True,False
2026-09-17,478340,90.0,29.92,9.025270758122739,False,True,False
2026-09-17,348080,90.0,29.96,25.856697819314633,False,True,False
2026-09-17,042370,90.0,30.0,0.08741258741258306,False,True,False
2026-09-17,285800,89.5,29.93,17.227319062181444,False,True,False
2026-09-17,078350,88.4,25.49,-1.342281879194629,False,True,False
2026-09-17,484120,87.4,17.78,-1.6355140186915862,False,True,False
2026-09-17,063440,87.3,8.12,-0.7414272474513428,False,True,False
2026-09-17,295310,87.1,13.88,0.49423393739702615,False,True,False
2026-09-17,209640,86.7,23.62,0.0,False,True,False
2026-09-17,033640,86.6,8.74,0.5607476635514086,False,True,False
2026-09-17,067920,86.4,7.28,0.8077544426494443,False,True,False
2026-09-17,488900,86.2,13.68,-3.9571310799670245,False,True,False
2026-09-17,039200,86.0,9.02,0.4005340453938633,False,True,False
2026-09-17,365900,86.0,4.18,-0.7299270072992692,False,True,False
2026-09-17,201490,85.9,20.7,-3.6677454153182354,False,True,False
2026-09-17,007530,85.7,20.28,6.2745098039215685,False,True,False
2026-09-17,200470,85.7,13.09,2.57142857142858,False,True,False
2026-09-17,321820,85.3,15.63,-18.622448979591834,False,True,False
2026-09-17,234030,85.2,19.93,-1.0115606936416222,False,True,False
2026-09-18,078860,90.0,29.86,0.0,False,True,False
2026-09-18,265740,90.0,29.92,0.0,False,True,False
2026-09-18,247660,90.0,8.32,-3.006681514476617,False,True,False
2026-09-18,078350,88.5,14.32,-0.5870841487279899,False,True,False
2026-09-18,228850,88.1,14.38,-0.8383233532934131,False,True,False
2026-09-18,474610,87.8,9.99,0.8827238335435084,False,True,False
2026-09-18,456070,87.5,26.1,3.1722054380664666,False,True,False
2026-09-18,086670,87.5,8.22,0.8314855875831473,False,True,False
2026-09-18,484120,86.9,8.64,-1.9354838709677469,False,True,False
2026-09-18,264450,86.7,5.6,0.5484460694698434,False,True,False
2026-09-18,420770,86.2,13.1,-1.7683465959328015,False,True,False
2026-09-18,144960,85.3,8.21,1.0700389105058328,False,True,False
2026-09-18,338220,85.2,16.3,11.332007952286283,False,True,False
2026-09-18,228760,84.8,17.37,1.8394648829431537,False,True,False
2026-09-18,032580,84.6,10.94,-3.114186851211076,False,True,False
2026-09-18,045100,84.2,6.29,-0.4672897196261627,False,True,False
2026-09-18,321370,83.8,10.5,-1.2882447665056307,False,True,False
2026-09-18,125020,83.8,11.6,-1.3761467889908285,False,True,False
2026-09-18,258790,83.5,9.52,-1.9490254872563728,False,True,False
2026-09-18,012860,83.5,6.36,-0.20618556701030855,False,True,False
2026-09-21,393210,90.0,29.97,9.80392156862746,False,True,False
2026-09-21,210120,90.0,30.0,-6.153846153846154,False,True,False
2026-09-21,049470,90.0,29.95,13.24863883847549,False,True,False
2026-09-21,033170,90.0,30.0,9.838998211091244,False,True,False
2026-09-21,036810,89.4,11.44,0.6622516556291425,False,True,False
2026-09-21,328130,89.2,18.21,-3.923444976076551,False,True,False
2026-09-21,144960,88.6,16.73,0.16666666666667052,False,True,False
2026-09-21,232140,88.5,19.65,0.42105263157894424,False,True,False
2026-09-21,460870,88.3,9.22,1.655629139072845,False,True,False
2026-09-21,388210,88.1,10.51,3.9024390243902474,False,True,False
2026-09-21,032580,88.1,13.32,0.7633587786259444,False,True,False
2026-09-21,163730,87.5,8.51,0.5535055350553542,False,True,False
2026-09-21,253590,87.2,6.37,3.7634408602150504,False,True,False
2026-09-21,039440,87.1,5.94,0.9345794392523255,False,True,False
2026-09-21,425040,87.0,24.95,1.170046801872071,False,True,False
2026-09-21,053610,86.8,5.56,7.8947368421052655,False,True,False
2026-09-21,094360,86.7,9.92,1.2531328320801949,False,True,False
2026-09-21,122640,86.3,10.36,0.6153846153846176,False,True,False
2026-09-21,047920,86.1,23.19,-3.1372549019607843,False,True,False
2026-09-21,114810,85.7,9.99,1.5861571737563196,False,True,False
2026-09-22,299170,90.0,29.94,2.783171521035599,False,True,False
2026-09-22,109670,90.0,29.93,29.8745724059293,False,True,False
2026-09-22,303810,90.0,29.98,5.766062602965394,False,True,False
2026-09-22,486990,90.0,29.97,8.203991130820398,False,True,False
2026-09-22,299660,90.0,29.95,3.9861351819757473,False,True,False
2026-09-22,393210,90.0,30.0,-0.15082956259426794,False,True,False
2026-09-22,059090,88.6,13.11,-1.9911504424778736,False,True,False
2026-09-22,159010,87.0,8.02,2.680412371134011,False,True,False
2026-09-22,323350,86.8,16.58,-1.1591148577449917,False,True,False
2026-09-22,039010,86.4,6.64,0.5875440658049458,False,True,False
2026-09-22,290720,85.1,5.2,1.976935749588149,False,True,False
2026-09-22,187870,85.0,7.07,1.070472792149868,False,True,False
2026-09-22,038010,84.4,5.11,0.7476635514018781,False,True,False
2026-09-22,136150,84.3,7.84,0.2272727272727204,False,True,False
2026-09-22,038870,83.9,4.11,0.0,False,True,False
2026-09-22,214430,83.7,5.45,-1.2931034482758674,False,True,False
2026-09-22,065680,83.3,16.52,0.5825242718446644,False,True,False
2026-09-22,085910,83.2,13.11,2.506265664160412,False,True,False
2026-09-22,439580,82.4,13.87,-2.2435897435897467,False,True,False
2026-09-22,068930,82.3,9.5,1.3584117032392928,False,True,False
2026-09-23,396300,90.0,29.95,-4.991680532445919,False,True,False
2026-09-23,131100,90.0,30.0,15.384615384615374,False,True,False
2026-09-23,054780,89.8,19.98,2.943018159048205,False,True,False
2026-09-23,114810,88.6,9.16,-2.3696682464455,False,True,False
2026-09-23,357780,88.2,9.79,0.0,False,True,False
2026-09-23,048910,87.3,6.46,0.7052186177715081,False,True,False
2026-09-23,042000,86.9,20.2,-2.773155851358844,False,True,False
2026-09-23,445180,86.7,12.64,0.5555555555555536,False,True,False
2026-09-23,083310,86.6,4.42,0.9009009009008917,False,True,False
2026-09-23,071280,86.5,10.15,-0.9962640099626441,False,True,False
2026-09-23,159010,86.4,22.89,0.3355704697986628,False,True,False
2026-09-23,079370,86.2,15.25,-0.3891050583657574,False,True,False
2026-09-23,389650,86.0,14.49,0.92592592592593,False,True,False
2026-09-23,393210,86.0,22.47,-6.034482758620685,False,True,False
2026-09-23,419050,85.8,20.77,0.051652892561993013,False,True,False
2026-09-23,468530,85.7,18.27,5.820105820105814,False,True,False
2026-09-23,246960,85.6,11.25,2.757352941176472,False,True,False
2026-09-23,255220,85.5,6.31,0.0,False,True,False
2026-09-23,340450,85.3,12.21,0.3667481662591676,False,True,False
2026-09-23,417840,84.6,7.56,-0.4098360655737654,False,True,False
2026-09-28,387690,94.9,22.02,0.0,False,True,False
2026-09-28,256840,90.0,29.98,5.2554744525547425,False,True,False
2026-09-28,196300,90.0,30.0,0.0,False,True,False
2026-09-28,187420,90.0,29.83,0.21551724137931494,False,True,False
2026-09-28,024850,90.0,29.99,-3.0995934959349603,False,True,False
2026-09-28,046210,90.0,29.95,6.703910614525133,False,True,False
2026-09-28,360350,89.0,28.25,-5.286343612334798,False,True,False
2026-09-28,052860,88.9,12.22,0.0,False,True,False
2026-09-28,105740,88.6,20.83,-0.10384215991692258,False,True,False
2026-09-28,206560,88.0,8.33,-2.0979020979020935,False,True,False
2026-09-28,052790,87.5,21.75,0.2053388090349051,False,True,False
2026-09-28,094860,87.1,14.6,0.0,False,True,False
2026-09-28,452190,87.0,14.8,0.37105751391466324,False,True,False
2026-09-28,303810,85.6,22.32,-1.6058394160583966,False,True,False
2026-09-28,208370,85.5,17.06,2.0036429872495543,False,True,False
2026-09-28,091120,85.2,13.25,0.0,False,True,False
2026-09-28,383930,85.1,21.14,-0.05102040816326037,False,True,False
2026-09-28,083500,85.1,8.03,0.6069802731411222,False,True,False
2026-09-28,389030,84.8,21.45,-1.4861995753715496,False,True,False
2026-09-28,085670,84.4,12.08,-1.5804597701149392,False,True,False
2026-09-29,052260,90.0,29.9,0.17636684303350414,False,True,False
2026-09-29,950250,90.0,30.0,3.4443168771526977,False,True,False
2026-09-29,462510,90.0,29.95,6.1957868649318515,False,True,False
2026-09-29,323280,89.3,13.33,-0.18518518518518823,False,True,False
2026-09-29,219130,89.3,9.77,1.978021978021971,False,True,False
2026-09-29,032960,89.1,17.05,-3.4172661870503607,False,True,False
2026-09-29,036200,89.0,11.54,-0.7662835249042099,False,True,False
2026-09-29,264660,88.9,5.41,0.7628294036061023,False,True,False
2026-09-29,261520,88.3,9.28,2.123893805309729,False,True,False
2026-09-29,251370,88.2,5.93,2.3809523809523725,False,True,False
2026-09-29,161580,87.1,12.24,5.064935064935061,False,True,False
2026-09-29,018290,86.6,7.3,-1.0526315789473717,False,True,False
2026-09-29,039440,86.4,9.11,0.659340659340657,False,True,False
2026-09-29,355690,86.3,5.48,0.0,False,True,False
2026-09-29,083450,86.0,7.09,-0.5671077504725952,False,True,False
2026-09-29,104830,85.9,7.04,3.552631578947363,False,True,False
2026-09-29,101160,85.9,6.61,0.0,False,True,False
2026-09-29,002680,85.5,7.11,0.0,False,True,False
2026-09-29,176750,85.5,12.25,-4.281767955801108,False,True,False
2026-09-29,073570,85.4,5.06,0.0,False,True,False
2026-09-30,097800,90.0,29.98,0.0,False,True,False
2026-09-30,382800,90.0,11.8,-0.5025125628140725,False,True,False
2026-09-30,023790,90.0,29.99,13.945578231292522,False,True,False
2026-09-30,169330,89.0,7.89,-4.504504504504503,False,True,False
2026-09-30,290650,87.5,9.51,-1.737451737451734,False,True,False
2026-09-30,099430,87.3,7.53,-0.42016806722688926,False,True,False
2026-09-30,450950,87.3,10.71,-1.4516129032258074,False,True,False
2026-09-30,360350,87.0,23.96,0.0,False,True,False
2026-09-30,200470,86.8,13.8,-0.8583690987124415,False,True,False
2026-09-30,013990,86.7,5.04,0.0,False,True,False
2026-09-30,291650,85.9,19.35,-2.895322939866374,False,True,False
2026-09-30,112290,85.7,14.75,-0.5658852061439013,False,True,False
2026-09-30,234690,85.6,6.9,-0.3027245206861706,False,True,False
2026-09-30,053260,84.9,22.69,6.535141800246613,False,True,False
2026-09-30,119830,84.5,9.53,0.0,False,True,False
2026-09-30,072950,84.4,12.11,-1.2516469038208133,False,True,False
2026-09-30,039610,84.1,12.27,5.169867060561306,False,True,False
2026-09-30,397030,83.1,8.08,-1.08910891089109,False,True,False
2026-09-30,084990,82.6,18.85,-1.834862385321101,False,True,False
2026-09-30,299030,82.5,7.12,0.34965034965035446,False,True,False
